ts_iso,avg_cwnd_pkts,avg_rtt_ms,num_conns_with_cwnd
2026-03-18T17:32:46.343357+00:00,10.0,3.507,1
2026-03-18T17:32:46.547726+00:00,10.0,3.507,1
2026-03-18T17:32:46.750779+00:00,10.0,3.507,1
2026-03-18T17:32:46.953790+00:00,10.0,0.11,1
2026-03-18T17:32:47.159252+00:00,10.0,0.11,1
2026-03-18T17:32:47.366612+00:00,10.0,0.11,1
2026-03-18T17:32:47.572007+00:00,10.0,0.11,1
2026-03-18T17:32:47.775409+00:00,10.0,0.11,1
2026-03-18T17:32:47.978321+00:00,10.0,0.11,1
2026-03-18T17:32:48.184171+00:00,10.0,0.11,1
2026-03-18T17:32:48.386568+00:00,10.0,0.11,1
2026-03-18T17:32:48.592849+00:00,10.0,0.11,1
2026-03-18T17:32:48.803492+00:00,10.0,0.11,1
2026-03-18T17:32:49.012258+00:00,10.0,0.11,1
2026-03-18T17:32:49.220126+00:00,10.0,0.11,1
2026-03-18T17:32:49.426463+00:00,10.0,0.11,1
2026-03-18T17:32:49.632714+00:00,10.0,0.11,1
2026-03-18T17:32:49.835688+00:00,10.0,0.11,1
2026-03-18T17:32:50.040079+00:00,10.0,0.11,1
2026-03-18T17:32:50.245907+00:00,10.0,0.11,1
2026-03-18T17:32:50.448994+00:00,10.0,0.11,1
2026-03-18T17:32:50.658053+00:00,10.0,0.11,1
2026-03-18T17:32:50.871304+00:00,10.0,0.11,1
2026-03-18T17:32:51.080915+00:00,10.0,0.11,1
2026-03-18T17:32:51.291158+00:00,10.0,0.11,1
2026-03-18T17:32:51.499506+00:00,10.0,0.11,1
2026-03-18T17:32:51.708394+00:00,10.0,0.11,1
2026-03-18T17:32:51.916668+00:00,10.0,0.11,1
2026-03-18T17:32:52.124140+00:00,10.0,0.11,1
2026-03-18T17:32:52.334038+00:00,10.0,0.11,1
2026-03-18T17:32:52.543389+00:00,10.0,0.11,1
2026-03-18T17:32:52.753764+00:00,10.0,0.11,1
2026-03-18T17:32:52.966427+00:00,10.0,0.11,1
2026-03-18T17:32:53.175722+00:00,10.0,0.11,1
2026-03-18T17:32:53.385563+00:00,10.0,0.11,1
2026-03-18T17:32:53.598162+00:00,10.0,0.11,1
2026-03-18T17:32:53.808912+00:00,10.0,0.11,1
2026-03-18T17:32:54.018379+00:00,10.0,0.11,1
2026-03-18T17:32:54.231033+00:00,10.0,0.11,1
2026-03-18T17:32:54.440794+00:00,10.0,0.11,1
2026-03-18T17:32:54.650546+00:00,10.0,0.11,1
2026-03-18T17:32:54.859672+00:00,10.0,0.11,1
2026-03-18T17:32:55.070263+00:00,10.0,0.11,1
2026-03-18T17:32:55.281131+00:00,10.0,0.11,1
2026-03-18T17:32:55.490120+00:00,10.0,0.11,1
2026-03-18T17:32:55.700463+00:00,10.0,0.11,1
2026-03-18T17:32:55.910256+00:00,10.0,0.11,1
2026-03-18T17:32:56.119817+00:00,10.0,0.11,1
2026-03-18T17:32:56.333009+00:00,10.0,0.11,1
2026-03-18T17:32:56.543102+00:00,10.0,0.11,1
2026-03-18T17:32:56.752465+00:00,10.0,0.11,1
2026-03-18T17:32:56.961674+00:00,10.0,0.11,1
2026-03-18T17:32:57.170420+00:00,10.0,0.11,1
2026-03-18T17:32:57.380360+00:00,10.0,0.11,1
2026-03-18T17:32:57.590243+00:00,10.0,0.11,1
2026-03-18T17:32:57.799152+00:00,10.0,0.11,1
2026-03-18T17:32:58.010133+00:00,10.0,0.11,1
2026-03-18T17:32:58.220604+00:00,10.0,0.11,1
2026-03-18T17:32:58.432121+00:00,10.0,0.11,1
2026-03-18T17:32:58.643070+00:00,10.0,0.11,1
2026-03-18T17:32:58.851960+00:00,10.0,0.11,1
2026-03-18T17:32:59.062818+00:00,10.0,0.11,1
2026-03-18T17:32:59.274247+00:00,10.0,0.11,1
2026-03-18T17:32:59.484529+00:00,10.0,0.11,1
2026-03-18T17:32:59.695861+00:00,10.0,0.11,1
2026-03-18T17:32:59.906599+00:00,10.0,0.11,1
2026-03-18T17:33:00.113663+00:00,10.0,0.11,1
2026-03-18T17:33:00.325065+00:00,10.0,0.11,1
2026-03-18T17:33:00.536379+00:00,10.0,0.11,1
2026-03-18T17:33:00.745270+00:00,10.0,0.11,1
2026-03-18T17:33:00.953331+00:00,10.0,0.11,1
2026-03-18T17:33:01.163535+00:00,10.0,0.11,1
2026-03-18T17:33:01.378077+00:00,10.0,0.11,1
2026-03-18T17:33:01.589117+00:00,10.0,0.11,1
2026-03-18T17:33:01.795073+00:00,10.0,0.11,1
2026-03-18T17:33:02.005882+00:00,10.0,0.11,1
2026-03-18T17:33:02.216222+00:00,10.0,0.11,1
2026-03-18T17:33:02.425625+00:00,10.0,0.11,1
2026-03-18T17:33:02.640810+00:00,10.0,0.11,1
2026-03-18T17:33:02.850214+00:00,10.0,0.11,1
2026-03-18T17:33:03.059339+00:00,10.0,0.11,1
2026-03-18T17:33:03.272082+00:00,10.0,0.11,1
2026-03-18T17:33:03.485644+00:00,10.0,0.11,1
2026-03-18T17:33:03.695221+00:00,10.0,0.11,1
2026-03-18T17:33:03.908506+00:00,10.0,0.11,1
2026-03-18T17:33:04.119954+00:00,10.0,0.11,1
2026-03-18T17:33:04.333902+00:00,10.0,0.11,1
2026-03-18T17:33:04.545314+00:00,10.0,0.11,1
2026-03-18T17:33:04.756250+00:00,10.0,0.11,1
2026-03-18T17:33:04.967538+00:00,10.0,0.11,1
2026-03-18T17:33:05.176893+00:00,10.0,0.11,1
2026-03-18T17:33:05.386767+00:00,10.0,0.11,1
2026-03-18T17:33:05.596675+00:00,10.0,0.11,1
2026-03-18T17:33:05.811366+00:00,10.0,0.11,1
2026-03-18T17:33:06.020586+00:00,10.0,0.11,1
2026-03-18T17:33:06.235213+00:00,10.0,0.11,1
2026-03-18T17:33:06.448303+00:00,10.0,0.11,1
2026-03-18T17:33:06.662915+00:00,10.0,0.11,1
2026-03-18T17:33:06.873019+00:00,10.0,0.11,1
2026-03-18T17:33:07.086335+00:00,10.0,0.11,1
2026-03-18T17:33:07.301772+00:00,10.0,0.11,1
2026-03-18T17:33:07.510384+00:00,10.0,0.11,1
2026-03-18T17:33:07.726338+00:00,10.0,0.11,1
2026-03-18T17:33:07.938685+00:00,10.0,0.11,1
2026-03-18T17:33:08.145825+00:00,10.0,0.11,1
2026-03-18T17:33:08.360115+00:00,10.0,0.11,1
2026-03-18T17:33:08.570330+00:00,10.0,0.11,1
2026-03-18T17:33:08.774644+00:00,10.0,0.11,1
2026-03-18T17:33:08.977775+00:00,10.0,0.11,1
2026-03-18T17:33:09.184214+00:00,10.0,0.11,1
2026-03-18T17:33:09.394596+00:00,10.0,0.11,1
2026-03-18T17:33:09.598980+00:00,10.0,0.11,1
2026-03-18T17:33:09.802952+00:00,10.0,0.11,1
2026-03-18T17:33:10.006553+00:00,10.0,0.11,1
2026-03-18T17:33:10.211622+00:00,10.0,0.11,1
2026-03-18T17:33:10.415869+00:00,10.0,0.11,1
2026-03-18T17:33:10.619258+00:00,10.0,0.11,1
2026-03-18T17:33:10.825338+00:00,10.0,0.11,1
2026-03-18T17:33:11.038961+00:00,10.0,0.11,1
2026-03-18T17:33:11.245524+00:00,10.0,0.11,1
2026-03-18T17:33:11.453556+00:00,10.0,0.11,1
2026-03-18T17:33:11.657322+00:00,10.0,0.11,1
2026-03-18T17:33:11.862382+00:00,10.0,0.11,1
2026-03-18T17:33:12.065124+00:00,10.0,0.11,1
2026-03-18T17:33:12.268362+00:00,10.0,0.11,1
2026-03-18T17:33:12.475265+00:00,10.0,0.11,1
2026-03-18T17:33:12.685143+00:00,10.0,0.11,1
2026-03-18T17:33:12.896906+00:00,10.0,0.11,1
2026-03-18T17:33:13.107626+00:00,10.0,0.11,1
2026-03-18T17:33:13.318337+00:00,10.0,0.11,1
2026-03-18T17:33:13.526161+00:00,10.0,0.11,1
2026-03-18T17:33:13.736957+00:00,10.0,0.11,1
2026-03-18T17:33:13.947506+00:00,10.0,0.11,1
2026-03-18T17:33:14.158867+00:00,10.0,0.11,1
2026-03-18T17:33:14.368406+00:00,10.0,0.11,1
2026-03-18T17:33:14.576674+00:00,10.0,0.11,1
2026-03-18T17:33:14.789570+00:00,10.0,0.11,1
2026-03-18T17:33:15.001224+00:00,10.0,0.11,1
2026-03-18T17:33:15.214847+00:00,10.0,0.11,1
2026-03-18T17:33:15.426220+00:00,10.0,0.11,1
2026-03-18T17:33:15.637918+00:00,10.0,0.11,1
2026-03-18T17:33:15.848561+00:00,10.0,0.11,1
2026-03-18T17:33:16.056190+00:00,10.0,0.11,1
2026-03-18T17:33:16.267594+00:00,10.0,0.11,1
2026-03-18T17:33:16.479234+00:00,10.0,0.11,1
2026-03-18T17:33:16.689802+00:00,10.0,0.11,1
2026-03-18T17:33:16.899313+00:00,10.0,0.11,1
2026-03-18T17:33:17.101772+00:00,10.0,0.11,1
2026-03-18T17:33:17.310238+00:00,10.0,0.11,1
2026-03-18T17:33:17.521297+00:00,10.0,0.11,1
2026-03-18T17:33:17.730367+00:00,10.0,0.11,1
2026-03-18T17:33:17.940492+00:00,10.0,0.11,1
2026-03-18T17:33:18.149672+00:00,10.0,0.11,1
2026-03-18T17:33:18.358480+00:00,10.0,0.11,1
2026-03-18T17:33:18.569548+00:00,10.0,0.11,1
2026-03-18T17:33:18.780853+00:00,10.0,0.11,1
2026-03-18T17:33:18.990031+00:00,10.0,0.11,1
2026-03-18T17:33:19.201679+00:00,10.0,0.11,1
2026-03-18T17:33:19.416175+00:00,10.0,0.11,1
2026-03-18T17:33:19.626184+00:00,10.0,0.11,1
2026-03-18T17:33:19.836132+00:00,10.0,0.11,1
2026-03-18T17:33:20.046147+00:00,10.0,0.11,1
2026-03-18T17:33:20.256822+00:00,10.0,0.11,1
2026-03-18T17:33:20.465018+00:00,10.0,0.11,1
2026-03-18T17:33:20.675821+00:00,10.0,0.11,1
2026-03-18T17:33:20.884796+00:00,10.0,0.11,1
2026-03-18T17:33:21.095412+00:00,10.0,0.11,1
2026-03-18T17:33:21.304504+00:00,10.0,0.11,1
2026-03-18T17:33:21.514153+00:00,10.0,0.11,1
2026-03-18T17:33:21.723083+00:00,10.0,0.11,1
2026-03-18T17:33:21.932250+00:00,10.0,0.11,1
2026-03-18T17:33:22.142858+00:00,10.0,0.11,1
2026-03-18T17:33:22.351622+00:00,10.0,0.11,1
2026-03-18T17:33:22.560774+00:00,10.0,0.11,1
2026-03-18T17:33:22.776131+00:00,10.0,0.11,1
2026-03-18T17:33:22.985748+00:00,10.0,0.11,1
2026-03-18T17:33:23.194154+00:00,10.0,0.11,1
2026-03-18T17:33:23.403872+00:00,10.0,0.11,1
2026-03-18T17:33:23.614077+00:00,10.0,0.11,1
2026-03-18T17:33:23.821798+00:00,10.0,0.11,1
2026-03-18T17:33:24.033184+00:00,10.0,0.11,1
2026-03-18T17:33:24.242852+00:00,10.0,0.11,1
2026-03-18T17:33:24.453478+00:00,10.0,0.11,1
2026-03-18T17:33:24.664533+00:00,10.0,0.11,1
2026-03-18T17:33:24.874314+00:00,10.0,0.11,1
2026-03-18T17:33:25.082696+00:00,10.0,0.11,1
2026-03-18T17:33:25.293818+00:00,10.0,0.11,1
2026-03-18T17:33:25.504306+00:00,10.0,0.11,1
2026-03-18T17:33:25.714235+00:00,10.0,0.11,1
2026-03-18T17:33:25.923862+00:00,10.0,0.11,1
2026-03-18T17:33:26.134376+00:00,10.0,0.11,1
2026-03-18T17:33:26.344515+00:00,10.0,0.11,1
2026-03-18T17:33:26.554683+00:00,10.0,0.11,1
2026-03-18T17:33:26.763726+00:00,10.0,0.11,1
2026-03-18T17:33:26.967283+00:00,10.0,0.11,1
2026-03-18T17:33:27.170174+00:00,10.0,0.11,1
2026-03-18T17:33:27.374518+00:00,10.0,0.11,1
2026-03-18T17:33:27.577358+00:00,10.0,0.11,1
2026-03-18T17:33:27.781377+00:00,10.0,0.11,1
2026-03-18T17:33:27.992091+00:00,10.0,0.11,1
2026-03-18T17:33:28.206366+00:00,10.0,0.11,1
2026-03-18T17:33:28.417318+00:00,10.0,0.11,1
2026-03-18T17:33:28.631913+00:00,10.0,0.11,1
2026-03-18T17:33:28.841993+00:00,10.0,0.11,1
2026-03-18T17:33:29.051406+00:00,10.0,0.11,1
2026-03-18T17:33:29.260813+00:00,10.0,0.11,1
2026-03-18T17:33:29.469996+00:00,10.0,0.11,1
2026-03-18T17:33:29.679642+00:00,10.0,0.11,1
2026-03-18T17:33:29.886535+00:00,10.0,0.11,1
2026-03-18T17:33:30.093622+00:00,10.0,0.11,1
2026-03-18T17:33:30.301760+00:00,10.0,0.11,1
2026-03-18T17:33:30.512660+00:00,10.0,0.11,1
2026-03-18T17:33:30.721682+00:00,10.0,0.11,1
2026-03-18T17:33:30.933068+00:00,10.0,0.11,1
2026-03-18T17:33:31.143212+00:00,10.0,0.11,1
2026-03-18T17:33:31.354171+00:00,10.0,0.11,1
2026-03-18T17:33:31.564704+00:00,10.0,0.11,1
2026-03-18T17:33:31.773885+00:00,10.0,0.11,1
2026-03-18T17:33:31.982660+00:00,10.0,0.11,1
2026-03-18T17:33:32.185652+00:00,10.0,0.11,1
2026-03-18T17:33:32.394516+00:00,10.0,0.11,1
2026-03-18T17:33:32.604263+00:00,10.0,0.11,1
2026-03-18T17:33:32.814107+00:00,10.0,0.11,1
2026-03-18T17:33:33.025703+00:00,10.0,0.11,1
2026-03-18T17:33:33.235796+00:00,10.0,0.11,1
2026-03-18T17:33:33.448573+00:00,10.0,0.11,1
2026-03-18T17:33:33.657427+00:00,10.0,0.11,1
2026-03-18T17:33:33.869412+00:00,10.0,0.11,1
2026-03-18T17:33:34.080351+00:00,10.0,0.11,1
2026-03-18T17:33:34.290159+00:00,10.0,0.11,1
2026-03-18T17:33:34.500468+00:00,10.0,0.11,1
2026-03-18T17:33:34.709050+00:00,10.0,0.11,1
2026-03-18T17:33:34.919310+00:00,10.0,0.11,1
2026-03-18T17:33:35.130244+00:00,10.0,0.11,1
2026-03-18T17:33:35.342431+00:00,10.0,0.11,1
2026-03-18T17:33:35.553171+00:00,10.0,0.11,1
2026-03-18T17:33:35.763525+00:00,10.0,0.11,1
2026-03-18T17:33:35.973413+00:00,10.0,0.11,1
2026-03-18T17:33:36.185331+00:00,10.0,0.11,1
2026-03-18T17:33:36.396439+00:00,10.0,0.11,1
2026-03-18T17:33:36.607464+00:00,10.0,0.11,1
2026-03-18T17:33:36.818396+00:00,10.0,0.11,1
2026-03-18T17:33:37.029135+00:00,10.0,0.11,1
2026-03-18T17:33:37.241813+00:00,10.0,0.11,1
2026-03-18T17:33:37.450797+00:00,10.0,0.11,1
2026-03-18T17:33:37.662605+00:00,10.0,0.11,1
2026-03-18T17:33:37.872570+00:00,10.0,0.11,1
2026-03-18T17:33:38.083695+00:00,10.0,0.11,1
2026-03-18T17:33:38.294698+00:00,10.0,0.11,1
2026-03-18T17:33:38.507487+00:00,10.0,0.11,1
2026-03-18T17:33:38.720692+00:00,10.0,0.11,1
2026-03-18T17:33:38.935626+00:00,10.0,0.11,1
2026-03-18T17:33:39.146382+00:00,10.0,0.11,1
2026-03-18T17:33:39.355567+00:00,10.0,0.11,1
2026-03-18T17:33:39.565843+00:00,10.0,0.11,1
2026-03-18T17:33:39.775061+00:00,10.0,0.11,1
2026-03-18T17:33:39.985107+00:00,10.0,0.11,1
2026-03-18T17:33:40.195541+00:00,10.0,0.11,1
2026-03-18T17:33:40.406029+00:00,10.0,0.11,1
2026-03-18T17:33:40.615757+00:00,10.0,0.11,1
2026-03-18T17:33:40.829356+00:00,10.0,0.11,1
2026-03-18T17:33:41.040509+00:00,10.0,0.11,1
2026-03-18T17:33:41.250657+00:00,10.0,0.11,1
2026-03-18T17:33:41.461784+00:00,10.0,0.11,1
2026-03-18T17:33:41.676633+00:00,10.0,0.11,1
2026-03-18T17:33:41.888056+00:00,10.0,0.11,1
2026-03-18T17:33:42.090963+00:00,10.0,0.11,1
2026-03-18T17:33:42.299126+00:00,10.0,0.11,1
2026-03-18T17:33:42.502868+00:00,10.0,0.11,1
2026-03-18T17:33:42.708246+00:00,10.0,0.11,1
2026-03-18T17:33:42.915481+00:00,10.0,0.11,1
2026-03-18T17:33:43.125959+00:00,10.0,0.11,1
2026-03-18T17:33:43.335437+00:00,10.0,0.11,1
2026-03-18T17:33:43.544658+00:00,10.0,0.11,1
2026-03-18T17:33:43.753472+00:00,10.0,0.11,1
2026-03-18T17:33:43.962460+00:00,10.0,0.11,1
2026-03-18T17:33:44.172165+00:00,10.0,0.11,1
2026-03-18T17:33:44.382045+00:00,10.0,0.11,1
2026-03-18T17:33:44.591474+00:00,10.0,0.11,1
2026-03-18T17:33:44.801857+00:00,10.0,0.11,1
2026-03-18T17:33:45.012217+00:00,10.0,0.11,1
2026-03-18T17:33:45.221823+00:00,10.0,0.11,1
2026-03-18T17:33:45.429633+00:00,10.0,0.11,1
2026-03-18T17:33:45.643642+00:00,10.0,0.11,1
2026-03-18T17:33:45.853032+00:00,10.0,0.11,1
2026-03-18T17:33:46.062472+00:00,10.0,0.11,1
2026-03-18T17:33:46.271700+00:00,10.0,0.11,1
2026-03-18T17:33:46.482077+00:00,10.0,0.11,1
2026-03-18T17:33:46.692456+00:00,10.0,0.11,1
2026-03-18T17:33:46.902243+00:00,10.0,0.11,1
2026-03-18T17:33:47.106235+00:00,10.0,0.11,1
2026-03-18T17:33:47.312584+00:00,10.0,0.11,1
2026-03-18T17:33:47.521833+00:00,10.0,0.11,1
2026-03-18T17:33:47.732497+00:00,10.0,0.11,1
2026-03-18T17:33:47.942638+00:00,10.0,0.11,1
2026-03-18T17:33:48.153202+00:00,10.0,0.11,1
2026-03-18T17:33:48.361990+00:00,10.0,0.11,1
2026-03-18T17:33:48.571754+00:00,10.0,0.11,1
2026-03-18T17:33:48.780148+00:00,10.0,0.11,1
2026-03-18T17:33:48.989811+00:00,10.0,0.11,1
2026-03-18T17:33:49.200052+00:00,10.0,0.11,1
2026-03-18T17:33:49.409900+00:00,10.0,0.11,1
2026-03-18T17:33:49.620325+00:00,10.0,0.11,1
2026-03-18T17:33:49.832090+00:00,10.0,0.11,1
2026-03-18T17:33:50.042755+00:00,10.0,0.11,1
2026-03-18T17:33:50.252070+00:00,10.0,0.11,1
2026-03-18T17:33:50.465603+00:00,10.0,0.11,1
2026-03-18T17:33:50.676632+00:00,10.0,0.11,1
2026-03-18T17:33:50.887279+00:00,10.0,0.11,1
2026-03-18T17:33:51.096587+00:00,10.0,0.11,1
2026-03-18T17:33:51.305952+00:00,10.0,0.11,1
2026-03-18T17:33:51.516921+00:00,10.0,0.11,1
2026-03-18T17:33:51.725685+00:00,10.0,0.11,1
2026-03-18T17:33:51.934255+00:00,10.0,0.11,1
2026-03-18T17:33:52.143819+00:00,10.0,0.11,1
2026-03-18T17:33:52.351706+00:00,10.0,0.11,1
2026-03-18T17:33:52.560900+00:00,10.0,0.11,1
2026-03-18T17:33:52.771309+00:00,10.0,0.11,1
2026-03-18T17:33:52.981287+00:00,10.0,0.11,1
2026-03-18T17:33:53.194690+00:00,10.0,0.11,1
2026-03-18T17:33:53.404064+00:00,10.0,0.11,1
2026-03-18T17:33:53.614110+00:00,10.0,0.11,1
2026-03-18T17:33:53.824710+00:00,10.0,0.11,1
2026-03-18T17:33:54.033877+00:00,10.0,0.11,1
2026-03-18T17:33:54.243519+00:00,10.0,0.11,1
2026-03-18T17:33:54.451763+00:00,10.0,0.11,1
2026-03-18T17:33:54.662466+00:00,10.0,0.11,1
2026-03-18T17:33:54.876302+00:00,10.0,0.11,1
2026-03-18T17:33:55.087752+00:00,10.0,0.11,1
2026-03-18T17:33:55.302684+00:00,10.0,0.11,1
2026-03-18T17:33:55.516893+00:00,10.0,0.11,1
2026-03-18T17:33:55.732197+00:00,10.0,0.11,1
2026-03-18T17:33:55.944992+00:00,10.0,0.11,1
2026-03-18T17:33:56.155270+00:00,10.0,0.11,1
2026-03-18T17:33:56.364403+00:00,10.0,0.11,1
2026-03-18T17:33:56.574304+00:00,10.0,0.11,1
2026-03-18T17:33:56.787437+00:00,10.0,0.11,1
2026-03-18T17:33:56.992394+00:00,10.0,0.11,1
2026-03-18T17:33:57.196359+00:00,10.0,0.11,1
2026-03-18T17:33:57.400300+00:00,10.0,0.11,1
2026-03-18T17:33:57.610628+00:00,10.0,0.11,1
2026-03-18T17:33:57.815656+00:00,10.0,0.11,1
2026-03-18T17:33:58.027406+00:00,10.0,0.11,1
2026-03-18T17:33:58.237773+00:00,10.0,0.11,1
2026-03-18T17:33:58.447828+00:00,10.0,0.11,1
2026-03-18T17:33:58.657412+00:00,10.0,0.11,1
2026-03-18T17:33:58.868815+00:00,10.0,0.11,1
2026-03-18T17:33:59.077092+00:00,10.0,0.11,1
2026-03-18T17:33:59.287798+00:00,10.0,0.11,1
2026-03-18T17:33:59.498099+00:00,10.0,0.11,1
2026-03-18T17:33:59.711254+00:00,10.0,0.11,1
2026-03-18T17:33:59.921742+00:00,10.0,0.11,1
2026-03-18T17:34:00.127975+00:00,10.0,0.11,1
2026-03-18T17:34:00.341105+00:00,10.0,0.11,1
2026-03-18T17:34:00.553794+00:00,10.0,0.11,1
2026-03-18T17:34:00.764955+00:00,10.0,0.11,1
2026-03-18T17:34:00.975734+00:00,10.0,0.11,1
2026-03-18T17:34:01.184263+00:00,10.0,0.11,1
2026-03-18T17:34:01.397518+00:00,10.0,0.11,1
2026-03-18T17:34:01.606529+00:00,10.0,0.11,1
2026-03-18T17:34:01.812672+00:00,10.0,0.11,1
2026-03-18T17:34:02.023393+00:00,10.0,0.11,1
2026-03-18T17:34:02.229564+00:00,10.0,0.11,1
2026-03-18T17:34:02.440996+00:00,10.0,0.11,1
2026-03-18T17:34:02.652317+00:00,10.0,0.11,1
2026-03-18T17:34:02.867526+00:00,10.0,0.11,1
2026-03-18T17:34:03.078867+00:00,10.0,0.11,1
2026-03-18T17:34:03.290122+00:00,10.0,0.11,1
2026-03-18T17:34:03.498501+00:00,10.0,0.11,1
2026-03-18T17:34:03.705740+00:00,10.0,0.11,1
2026-03-18T17:34:03.918225+00:00,10.0,0.11,1
2026-03-18T17:34:04.128992+00:00,10.0,0.11,1
2026-03-18T17:34:04.337606+00:00,10.0,0.11,1
2026-03-18T17:34:04.551265+00:00,10.0,0.11,1
2026-03-18T17:34:04.765132+00:00,10.0,0.11,1
2026-03-18T17:34:04.975964+00:00,10.0,0.11,1
2026-03-18T17:34:05.187376+00:00,10.0,0.11,1
2026-03-18T17:34:05.397662+00:00,10.0,0.11,1
2026-03-18T17:34:05.609118+00:00,10.0,0.11,1
2026-03-18T17:34:05.818550+00:00,10.0,0.11,1
2026-03-18T17:34:06.026327+00:00,10.0,0.11,1
2026-03-18T17:34:06.237823+00:00,10.0,0.11,1
2026-03-18T17:34:06.450833+00:00,10.0,0.11,1
2026-03-18T17:34:06.661774+00:00,10.0,0.11,1
2026-03-18T17:34:06.871390+00:00,10.0,0.11,1
2026-03-18T17:34:07.082446+00:00,10.0,0.11,1
2026-03-18T17:34:07.292593+00:00,10.0,0.11,1
2026-03-18T17:34:07.505251+00:00,10.0,0.11,1
2026-03-18T17:34:07.716326+00:00,10.0,0.11,1
2026-03-18T17:34:07.926712+00:00,10.0,0.11,1
2026-03-18T17:34:08.137606+00:00,10.0,0.11,1
2026-03-18T17:34:08.345988+00:00,10.0,0.11,1
2026-03-18T17:34:08.555988+00:00,10.0,0.11,1
2026-03-18T17:34:08.766603+00:00,10.0,0.11,1
2026-03-18T17:34:08.976610+00:00,10.0,0.11,1
2026-03-18T17:34:09.186623+00:00,10.0,0.11,1
2026-03-18T17:34:09.396370+00:00,10.0,0.11,1
2026-03-18T17:34:09.605824+00:00,10.0,0.11,1
2026-03-18T17:34:09.815607+00:00,10.0,0.11,1
2026-03-18T17:34:10.025197+00:00,10.0,0.11,1
2026-03-18T17:34:10.236478+00:00,10.0,0.11,1
2026-03-18T17:34:10.444205+00:00,10.0,0.11,1
2026-03-18T17:34:10.653984+00:00,10.0,0.11,1
2026-03-18T17:34:10.864015+00:00,10.0,0.11,1
2026-03-18T17:34:11.074013+00:00,10.0,0.11,1
2026-03-18T17:34:11.280076+00:00,10.0,0.11,1
2026-03-18T17:34:11.491263+00:00,10.0,0.11,1
2026-03-18T17:34:11.701139+00:00,10.0,0.11,1
2026-03-18T17:34:11.911419+00:00,10.0,0.11,1
2026-03-18T17:34:12.114722+00:00,10.0,0.11,1
2026-03-18T17:34:12.319174+00:00,10.0,0.11,1
2026-03-18T17:34:12.522303+00:00,10.0,0.11,1
2026-03-18T17:34:12.726029+00:00,10.0,0.11,1
2026-03-18T17:34:12.934147+00:00,10.0,0.11,1
2026-03-18T17:34:13.145830+00:00,10.0,0.11,1
2026-03-18T17:34:13.357437+00:00,10.0,0.11,1
2026-03-18T17:34:13.567061+00:00,10.0,0.11,1
2026-03-18T17:34:13.779394+00:00,10.0,0.11,1
2026-03-18T17:34:13.992360+00:00,10.0,0.11,1
2026-03-18T17:34:14.201507+00:00,10.0,0.11,1
2026-03-18T17:34:14.414577+00:00,10.0,0.11,1
2026-03-18T17:34:14.625117+00:00,10.0,0.11,1
2026-03-18T17:34:14.836406+00:00,10.0,0.11,1
2026-03-18T17:34:15.046187+00:00,10.0,0.11,1
2026-03-18T17:34:15.254842+00:00,10.0,0.11,1
2026-03-18T17:34:15.464963+00:00,10.0,0.11,1
2026-03-18T17:34:15.676151+00:00,10.0,0.11,1
2026-03-18T17:34:15.886284+00:00,10.0,0.11,1
2026-03-18T17:34:16.096399+00:00,10.0,0.11,1
2026-03-18T17:34:16.305972+00:00,10.0,0.11,1
2026-03-18T17:34:16.515870+00:00,10.0,0.11,1
2026-03-18T17:34:16.725466+00:00,10.0,0.11,1
2026-03-18T17:34:16.938632+00:00,10.0,0.11,1
2026-03-18T17:34:17.141697+00:00,10.0,0.11,1
2026-03-18T17:34:17.347406+00:00,10.0,0.11,1
2026-03-18T17:34:17.553599+00:00,10.0,0.11,1
2026-03-18T17:34:17.763158+00:00,10.0,0.11,1
2026-03-18T17:34:17.970186+00:00,10.0,0.11,1
2026-03-18T17:34:18.180487+00:00,10.0,0.11,1
2026-03-18T17:34:18.387524+00:00,10.0,0.11,1
2026-03-18T17:34:18.596621+00:00,10.0,0.11,1
2026-03-18T17:34:18.805111+00:00,10.0,0.11,1
2026-03-18T17:34:19.014739+00:00,10.0,0.11,1
2026-03-18T17:34:19.225330+00:00,10.0,0.11,1
2026-03-18T17:34:19.438183+00:00,10.0,0.11,1
2026-03-18T17:34:19.645176+00:00,10.0,0.11,1
2026-03-18T17:34:19.854134+00:00,10.0,0.11,1
2026-03-18T17:34:20.064020+00:00,10.0,0.11,1
2026-03-18T17:34:20.273561+00:00,10.0,0.11,1
2026-03-18T17:34:20.482664+00:00,10.0,0.11,1
2026-03-18T17:34:20.692813+00:00,10.0,0.11,1
2026-03-18T17:34:20.904367+00:00,10.0,0.11,1
2026-03-18T17:34:21.113813+00:00,10.0,0.11,1
2026-03-18T17:34:21.324194+00:00,10.0,0.11,1
2026-03-18T17:34:21.529241+00:00,10.0,0.11,1
2026-03-18T17:34:21.738638+00:00,10.0,0.11,1
2026-03-18T17:34:21.949707+00:00,10.0,0.11,1
2026-03-18T17:34:22.159559+00:00,10.0,0.11,1
2026-03-18T17:34:22.370981+00:00,10.0,0.11,1
2026-03-18T17:34:22.581294+00:00,10.0,0.11,1
2026-03-18T17:34:22.789839+00:00,10.0,0.11,1
2026-03-18T17:34:22.999863+00:00,10.0,0.11,1
2026-03-18T17:34:23.209009+00:00,10.0,0.11,1
2026-03-18T17:34:23.419037+00:00,10.0,0.11,1
2026-03-18T17:34:23.628830+00:00,10.0,0.11,1
2026-03-18T17:34:23.840197+00:00,10.0,0.11,1
2026-03-18T17:34:24.049762+00:00,10.0,0.11,1
2026-03-18T17:34:24.258616+00:00,10.0,0.11,1
2026-03-18T17:34:24.468795+00:00,10.0,0.11,1
2026-03-18T17:34:24.683001+00:00,10.0,0.11,1
2026-03-18T17:34:24.895702+00:00,10.0,0.11,1
2026-03-18T17:34:25.104494+00:00,10.0,0.11,1
2026-03-18T17:34:25.312201+00:00,10.0,0.11,1
2026-03-18T17:34:25.519700+00:00,10.0,0.11,1
2026-03-18T17:34:25.732073+00:00,10.0,0.11,1
2026-03-18T17:34:25.941888+00:00,10.0,0.11,1
2026-03-18T17:34:26.156331+00:00,10.0,0.11,1
2026-03-18T17:34:26.367061+00:00,10.0,0.11,1
2026-03-18T17:34:26.579567+00:00,10.0,0.11,1
2026-03-18T17:34:26.789706+00:00,10.0,0.11,1
2026-03-18T17:34:26.999357+00:00,10.0,0.11,1
2026-03-18T17:34:27.203055+00:00,10.0,0.11,1
2026-03-18T17:34:27.406558+00:00,10.0,0.11,1
2026-03-18T17:34:27.612443+00:00,10.0,0.11,1
2026-03-18T17:34:27.816363+00:00,10.0,0.11,1
2026-03-18T17:34:28.027689+00:00,10.0,0.11,1
2026-03-18T17:34:28.237155+00:00,10.0,0.11,1
2026-03-18T17:34:28.445729+00:00,10.0,0.11,1
2026-03-18T17:34:28.654453+00:00,10.0,0.11,1
2026-03-18T17:34:28.862021+00:00,10.0,0.11,1
2026-03-18T17:34:29.073071+00:00,10.0,0.11,1
2026-03-18T17:34:29.281276+00:00,10.0,0.11,1
2026-03-18T17:34:29.490785+00:00,10.0,0.11,1
2026-03-18T17:34:29.697877+00:00,10.0,0.11,1
2026-03-18T17:34:29.907030+00:00,10.0,0.11,1
2026-03-18T17:34:30.118079+00:00,10.0,0.11,1
2026-03-18T17:34:30.323838+00:00,10.0,0.11,1
2026-03-18T17:34:30.532021+00:00,10.0,0.11,1
2026-03-18T17:34:30.742366+00:00,10.0,0.11,1
2026-03-18T17:34:30.951868+00:00,10.0,0.11,1
2026-03-18T17:34:31.160534+00:00,10.0,0.11,1
2026-03-18T17:34:31.371999+00:00,10.0,0.11,1
2026-03-18T17:34:31.582485+00:00,10.0,0.11,1
2026-03-18T17:34:31.793251+00:00,10.0,0.11,1
2026-03-18T17:34:32.002650+00:00,10.0,0.11,1
2026-03-18T17:34:32.205159+00:00,10.0,0.11,1
2026-03-18T17:34:32.409268+00:00,10.0,0.11,1
2026-03-18T17:34:32.618058+00:00,10.0,0.11,1
2026-03-18T17:34:32.828450+00:00,10.0,0.11,1
2026-03-18T17:34:33.039035+00:00,10.0,0.11,1
2026-03-18T17:34:33.250401+00:00,10.0,0.11,1
2026-03-18T17:34:33.459542+00:00,10.0,0.11,1
2026-03-18T17:34:33.669477+00:00,10.0,0.11,1
2026-03-18T17:34:33.879798+00:00,10.0,0.11,1
2026-03-18T17:34:34.089854+00:00,10.0,0.11,1
2026-03-18T17:34:34.299755+00:00,10.0,0.11,1
2026-03-18T17:34:34.512683+00:00,10.0,0.11,1
2026-03-18T17:34:34.722376+00:00,10.0,0.11,1
2026-03-18T17:34:34.931526+00:00,10.0,0.11,1
2026-03-18T17:34:35.141280+00:00,10.0,0.11,1
2026-03-18T17:34:35.350640+00:00,10.0,0.11,1
2026-03-18T17:34:35.561290+00:00,10.0,0.11,1
2026-03-18T17:34:35.771572+00:00,10.0,0.11,1
2026-03-18T17:34:35.979799+00:00,10.0,0.11,1
2026-03-18T17:34:36.190356+00:00,10.0,0.11,1
2026-03-18T17:34:36.399579+00:00,10.0,0.11,1
2026-03-18T17:34:36.609100+00:00,10.0,0.11,1
2026-03-18T17:34:36.818712+00:00,10.0,0.11,1
2026-03-18T17:34:37.027653+00:00,10.0,0.11,1
2026-03-18T17:34:37.238074+00:00,10.0,0.11,1
2026-03-18T17:34:37.447104+00:00,10.0,0.11,1
2026-03-18T17:34:37.661236+00:00,10.0,0.11,1
2026-03-18T17:34:37.873571+00:00,10.0,0.11,1
2026-03-18T17:34:38.086905+00:00,10.0,0.11,1
2026-03-18T17:34:38.298243+00:00,10.0,0.11,1
2026-03-18T17:34:38.512322+00:00,10.0,0.11,1
2026-03-18T17:34:38.722466+00:00,10.0,0.11,1
2026-03-18T17:34:38.929386+00:00,10.0,0.11,1
2026-03-18T17:34:39.139210+00:00,10.0,0.11,1
2026-03-18T17:34:39.354800+00:00,10.0,0.11,1
2026-03-18T17:34:39.566709+00:00,10.0,0.11,1
2026-03-18T17:34:39.778670+00:00,10.0,0.11,1
2026-03-18T17:34:39.990956+00:00,10.0,0.11,1
2026-03-18T17:34:40.198641+00:00,10.0,0.11,1
2026-03-18T17:34:40.404667+00:00,10.0,0.11,1
2026-03-18T17:34:40.615157+00:00,10.0,0.11,1
2026-03-18T17:34:40.826442+00:00,10.0,0.11,1
2026-03-18T17:34:41.037771+00:00,10.0,0.11,1
2026-03-18T17:34:41.247116+00:00,10.0,0.11,1
2026-03-18T17:34:41.457099+00:00,10.0,0.11,1
2026-03-18T17:34:41.667007+00:00,10.0,0.11,1
2026-03-18T17:34:41.876799+00:00,10.0,0.11,1
2026-03-18T17:34:42.079917+00:00,10.0,0.11,1
2026-03-18T17:34:42.283989+00:00,10.0,0.11,1
2026-03-18T17:34:42.487112+00:00,10.0,0.11,1
2026-03-18T17:34:42.693824+00:00,10.0,0.11,1
2026-03-18T17:34:42.898595+00:00,10.0,0.11,1
2026-03-18T17:34:43.110732+00:00,10.0,0.11,1
2026-03-18T17:34:43.321724+00:00,10.0,0.11,1
2026-03-18T17:34:43.533146+00:00,10.0,9.24,1
2026-03-18T17:34:43.743426+00:00,10.0,9.24,1
2026-03-18T17:34:43.954134+00:00,10.0,9.24,1
2026-03-18T17:34:44.163464+00:00,10.0,9.24,1
2026-03-18T17:34:44.375585+00:00,10.0,9.24,1
2026-03-18T17:34:44.589503+00:00,10.0,0.11,1
2026-03-18T17:34:44.802426+00:00,10.0,0.11,1
2026-03-18T17:34:45.013473+00:00,10.0,0.11,1
2026-03-18T17:34:45.221995+00:00,10.0,0.11,1
2026-03-18T17:34:45.431859+00:00,10.0,0.11,1
2026-03-18T17:34:45.642828+00:00,10.0,0.11,1
2026-03-18T17:34:45.853385+00:00,10.0,0.11,1
2026-03-18T17:34:46.061700+00:00,10.0,0.11,1
2026-03-18T17:34:46.270414+00:00,10.0,0.11,1
2026-03-18T17:34:46.482583+00:00,10.0,0.11,1
2026-03-18T17:34:46.691708+00:00,10.0,0.11,1
2026-03-18T17:34:46.900581+00:00,10.0,0.11,1
2026-03-18T17:34:47.108413+00:00,10.0,0.11,1
2026-03-18T17:34:47.311604+00:00,10.0,0.11,1
2026-03-18T17:34:47.519607+00:00,10.0,0.11,1
2026-03-18T17:34:47.732295+00:00,10.0,0.11,1
2026-03-18T17:34:47.942567+00:00,10.0,0.11,1
2026-03-18T17:34:48.152300+00:00,10.0,0.11,1
2026-03-18T17:34:48.362644+00:00,10.0,0.11,1
2026-03-18T17:34:48.576683+00:00,10.0,0.11,1
2026-03-18T17:34:48.788360+00:00,10.0,0.11,1
2026-03-18T17:34:48.998540+00:00,10.0,0.11,1
2026-03-18T17:34:49.206491+00:00,10.0,0.11,1
2026-03-18T17:34:49.417156+00:00,10.0,0.11,1
2026-03-18T17:34:49.627206+00:00,10.0,0.11,1
2026-03-18T17:34:49.837026+00:00,10.0,0.11,1
2026-03-18T17:34:50.040741+00:00,10.0,0.11,1
2026-03-18T17:34:50.250507+00:00,10.0,0.11,1
2026-03-18T17:34:50.460718+00:00,10.0,0.11,1
2026-03-18T17:34:50.671462+00:00,10.0,0.11,1
2026-03-18T17:34:50.881398+00:00,10.0,0.11,1
2026-03-18T17:34:51.093020+00:00,10.0,0.11,1
2026-03-18T17:34:51.304143+00:00,10.0,0.11,1
2026-03-18T17:34:51.513809+00:00,10.0,0.11,1
2026-03-18T17:34:51.724044+00:00,10.0,0.11,1
2026-03-18T17:34:51.934115+00:00,10.0,0.11,1
2026-03-18T17:34:52.143670+00:00,10.0,0.11,1
2026-03-18T17:34:52.352522+00:00,10.0,0.11,1
2026-03-18T17:34:52.562074+00:00,10.0,0.11,1
2026-03-18T17:34:52.770851+00:00,10.0,0.11,1
2026-03-18T17:34:52.985706+00:00,10.0,0.11,1
2026-03-18T17:34:53.199737+00:00,10.0,0.11,1
2026-03-18T17:34:53.411383+00:00,10.0,0.11,1
2026-03-18T17:34:53.623989+00:00,10.0,0.11,1
2026-03-18T17:34:53.834243+00:00,10.0,0.11,1
2026-03-18T17:34:54.044080+00:00,10.0,0.11,1
2026-03-18T17:34:54.254785+00:00,10.0,0.11,1
2026-03-18T17:34:54.466746+00:00,10.0,0.11,1
2026-03-18T17:34:54.677138+00:00,10.0,0.11,1
2026-03-18T17:34:54.887897+00:00,10.0,0.11,1
2026-03-18T17:34:55.097866+00:00,10.0,0.11,1
2026-03-18T17:34:55.306339+00:00,10.0,0.11,1
2026-03-18T17:34:55.519201+00:00,10.0,0.11,1
2026-03-18T17:34:55.729649+00:00,10.0,0.11,1
2026-03-18T17:34:55.939333+00:00,10.0,0.11,1
2026-03-18T17:34:56.148561+00:00,10.0,0.11,1
2026-03-18T17:34:56.359654+00:00,10.0,0.11,1
2026-03-18T17:34:56.568800+00:00,10.0,0.11,1
2026-03-18T17:34:56.778127+00:00,10.0,0.11,1
2026-03-18T17:34:56.988527+00:00,10.0,0.11,1
2026-03-18T17:34:57.191560+00:00,10.0,0.11,1
2026-03-18T17:34:57.398371+00:00,10.0,0.11,1
2026-03-18T17:34:57.601150+00:00,10.0,0.11,1
2026-03-18T17:34:57.804407+00:00,10.0,0.11,1
2026-03-18T17:34:58.013982+00:00,10.0,0.11,1
2026-03-18T17:34:58.222503+00:00,10.0,0.11,1
2026-03-18T17:34:58.433178+00:00,10.0,0.11,1
2026-03-18T17:34:58.642764+00:00,10.0,0.11,1
2026-03-18T17:34:58.852587+00:00,10.0,0.11,1
2026-03-18T17:34:59.062198+00:00,10.0,0.11,1
2026-03-18T17:34:59.271779+00:00,10.0,0.11,1
2026-03-18T17:34:59.483768+00:00,10.0,0.11,1
2026-03-18T17:34:59.698848+00:00,10.0,0.11,1
2026-03-18T17:34:59.913491+00:00,10.0,0.11,1
2026-03-18T17:35:00.124346+00:00,10.0,0.11,1
2026-03-18T17:35:00.339009+00:00,10.0,0.11,1
2026-03-18T17:35:00.549410+00:00,10.0,0.11,1
2026-03-18T17:35:00.756422+00:00,10.0,0.11,1
2026-03-18T17:35:00.966569+00:00,10.0,0.11,1
2026-03-18T17:35:01.177192+00:00,10.0,0.11,1
2026-03-18T17:35:01.384892+00:00,10.0,0.11,1
2026-03-18T17:35:01.599993+00:00,10.0,0.11,1
2026-03-18T17:35:01.813574+00:00,10.0,0.11,1
2026-03-18T17:35:02.019862+00:00,10.0,0.11,1
2026-03-18T17:35:02.224366+00:00,10.0,0.11,1
2026-03-18T17:35:02.435689+00:00,10.0,0.11,1
2026-03-18T17:35:02.648851+00:00,10.0,0.11,1
2026-03-18T17:35:02.858738+00:00,10.0,0.11,1
2026-03-18T17:35:03.068439+00:00,10.0,0.11,1
2026-03-18T17:35:03.279483+00:00,10.0,0.11,1
2026-03-18T17:35:03.489505+00:00,10.0,0.11,1
2026-03-18T17:35:03.700202+00:00,10.0,0.11,1
2026-03-18T17:35:03.910531+00:00,10.0,0.11,1
2026-03-18T17:35:04.120600+00:00,10.0,0.11,1
2026-03-18T17:35:04.331789+00:00,10.0,0.11,1
2026-03-18T17:35:04.542011+00:00,10.0,0.11,1
2026-03-18T17:35:04.752169+00:00,10.0,0.11,1
2026-03-18T17:35:04.965220+00:00,10.0,0.11,1
2026-03-18T17:35:05.175295+00:00,10.0,0.11,1
2026-03-18T17:35:05.383811+00:00,10.0,0.11,1
2026-03-18T17:35:05.595496+00:00,10.0,0.11,1
2026-03-18T17:35:05.802132+00:00,10.0,0.11,1
2026-03-18T17:35:06.011655+00:00,10.0,0.11,1
2026-03-18T17:35:06.219751+00:00,10.0,0.11,1
2026-03-18T17:35:06.430243+00:00,10.0,0.11,1
2026-03-18T17:35:06.639328+00:00,10.0,0.11,1
2026-03-18T17:35:06.853190+00:00,10.0,0.11,1
2026-03-18T17:35:07.063322+00:00,10.0,0.11,1
2026-03-18T17:35:07.274063+00:00,10.0,0.11,1
2026-03-18T17:35:07.477353+00:00,10.0,0.11,1
2026-03-18T17:35:07.680339+00:00,10.0,0.11,1
2026-03-18T17:35:07.891397+00:00,10.0,8.755,1
2026-03-18T17:35:08.099509+00:00,10.0,8.755,1
2026-03-18T17:35:08.313174+00:00,10.0,8.755,1
2026-03-18T17:35:08.515725+00:00,10.0,0.11,1
2026-03-18T17:35:08.718597+00:00,10.0,0.11,1
2026-03-18T17:35:08.921163+00:00,10.0,0.11,1
2026-03-18T17:35:09.124331+00:00,10.0,0.11,1
2026-03-18T17:35:09.326726+00:00,10.0,0.11,1
2026-03-18T17:35:09.532716+00:00,10.0,0.11,1
2026-03-18T17:35:09.738289+00:00,10.0,0.11,1
2026-03-18T17:35:09.945758+00:00,10.0,0.11,1
2026-03-18T17:35:10.155478+00:00,10.0,0.11,1
2026-03-18T17:35:10.364524+00:00,10.0,0.11,1
2026-03-18T17:35:10.575195+00:00,10.0,0.11,1
2026-03-18T17:35:10.783712+00:00,10.0,0.11,1
2026-03-18T17:35:10.993963+00:00,10.0,0.11,1
2026-03-18T17:35:11.205352+00:00,10.0,0.11,1
2026-03-18T17:35:11.416780+00:00,10.0,0.11,1
2026-03-18T17:35:11.626479+00:00,10.0,0.11,1
2026-03-18T17:35:11.835303+00:00,10.0,0.11,1
2026-03-18T17:35:12.046843+00:00,10.0,0.11,1
2026-03-18T17:35:12.249881+00:00,10.0,0.11,1
2026-03-18T17:35:12.457636+00:00,10.0,0.11,1
2026-03-18T17:35:12.662168+00:00,10.0,0.11,1
2026-03-18T17:35:12.865405+00:00,10.0,0.11,1
2026-03-18T17:35:13.077884+00:00,10.0,0.11,1
2026-03-18T17:35:13.288212+00:00,10.0,0.11,1
2026-03-18T17:35:13.499849+00:00,10.0,0.11,1
2026-03-18T17:35:13.713178+00:00,10.0,0.11,1
2026-03-18T17:35:13.921783+00:00,10.0,0.11,1
2026-03-18T17:35:14.131711+00:00,10.0,0.11,1
2026-03-18T17:35:14.342512+00:00,10.0,0.11,1
2026-03-18T17:35:14.551685+00:00,10.0,0.11,1
2026-03-18T17:35:14.762274+00:00,10.0,0.11,1
2026-03-18T17:35:14.972643+00:00,10.0,0.11,1
2026-03-18T17:35:15.181536+00:00,10.0,0.11,1
2026-03-18T17:35:15.384028+00:00,10.0,0.11,1
2026-03-18T17:35:15.589066+00:00,10.0,0.11,1
2026-03-18T17:35:15.801206+00:00,10.0,0.11,1
2026-03-18T17:35:16.015084+00:00,10.0,0.11,1
2026-03-18T17:35:16.225825+00:00,10.0,0.11,1
2026-03-18T17:35:16.434746+00:00,10.0,0.11,1
2026-03-18T17:35:16.645059+00:00,10.0,0.11,1
2026-03-18T17:35:16.858496+00:00,10.0,0.11,1
2026-03-18T17:35:17.069383+00:00,10.0,0.11,1
2026-03-18T17:35:17.272505+00:00,10.0,0.11,1
2026-03-18T17:35:17.486989+00:00,10.0,0.11,1
2026-03-18T17:35:17.695315+00:00,10.0,0.11,1
2026-03-18T17:35:17.907825+00:00,10.0,0.11,1
2026-03-18T17:35:18.118240+00:00,10.0,0.11,1
2026-03-18T17:35:18.329166+00:00,10.0,0.11,1
2026-03-18T17:35:18.539904+00:00,10.0,0.11,1
2026-03-18T17:35:18.749728+00:00,10.0,0.11,1
2026-03-18T17:35:18.959772+00:00,10.0,0.11,1
2026-03-18T17:35:19.168698+00:00,10.0,0.11,1
2026-03-18T17:35:19.380579+00:00,10.0,0.11,1
2026-03-18T17:35:19.590308+00:00,10.0,0.11,1
2026-03-18T17:35:19.801059+00:00,10.0,0.11,1
2026-03-18T17:35:20.010318+00:00,10.0,0.11,1
2026-03-18T17:35:20.220652+00:00,10.0,0.11,1
2026-03-18T17:35:20.431598+00:00,10.0,0.11,1
2026-03-18T17:35:20.640667+00:00,10.0,0.11,1
2026-03-18T17:35:20.849383+00:00,10.0,0.11,1
2026-03-18T17:35:21.058169+00:00,10.0,0.11,1
2026-03-18T17:35:21.267356+00:00,10.0,0.11,1
2026-03-18T17:35:21.478747+00:00,10.0,0.11,1
2026-03-18T17:35:21.687899+00:00,10.0,0.11,1
2026-03-18T17:35:21.897028+00:00,10.0,0.11,1
2026-03-18T17:35:22.107494+00:00,10.0,0.11,1
2026-03-18T17:35:22.317182+00:00,10.0,0.11,1
2026-03-18T17:35:22.526752+00:00,10.0,0.11,1
2026-03-18T17:35:22.737129+00:00,10.0,0.11,1
2026-03-18T17:35:22.948109+00:00,10.0,0.11,1
2026-03-18T17:35:23.158699+00:00,10.0,0.11,1
2026-03-18T17:35:23.369550+00:00,10.0,0.11,1
2026-03-18T17:35:23.579317+00:00,10.0,0.11,1
2026-03-18T17:35:23.789647+00:00,10.0,0.11,1
2026-03-18T17:35:23.999097+00:00,10.0,0.11,1
2026-03-18T17:35:24.208682+00:00,10.0,0.11,1
2026-03-18T17:35:24.419150+00:00,10.0,0.11,1
2026-03-18T17:35:24.631059+00:00,10.0,0.11,1
2026-03-18T17:35:24.842267+00:00,10.0,0.11,1
2026-03-18T17:35:25.052321+00:00,10.0,0.11,1
2026-03-18T17:35:25.261748+00:00,10.0,0.11,1
2026-03-18T17:35:25.472677+00:00,10.0,0.11,1
2026-03-18T17:35:25.684562+00:00,10.0,0.11,1
2026-03-18T17:35:25.895053+00:00,10.0,0.11,1
2026-03-18T17:35:26.104788+00:00,10.0,0.11,1
2026-03-18T17:35:26.315464+00:00,10.0,0.11,1
2026-03-18T17:35:26.526335+00:00,10.0,0.11,1
2026-03-18T17:35:26.736498+00:00,10.0,0.11,1
2026-03-18T17:35:26.943674+00:00,10.0,0.11,1
2026-03-18T17:35:27.147753+00:00,10.0,0.11,1
2026-03-18T17:35:27.351455+00:00,10.0,0.11,1
2026-03-18T17:35:27.554208+00:00,10.0,0.11,1
2026-03-18T17:35:27.757168+00:00,10.0,0.11,1
2026-03-18T17:35:27.962544+00:00,10.0,0.11,1
2026-03-18T17:35:28.176110+00:00,10.0,0.11,1
2026-03-18T17:35:28.386120+00:00,10.0,0.11,1
2026-03-18T17:35:28.598343+00:00,10.0,0.11,1
2026-03-18T17:35:28.804907+00:00,10.0,0.11,1
2026-03-18T17:35:29.015753+00:00,10.0,0.11,1
2026-03-18T17:35:29.226597+00:00,10.0,0.11,1
2026-03-18T17:35:29.435062+00:00,10.0,0.11,1
2026-03-18T17:35:29.645265+00:00,10.0,0.11,1
2026-03-18T17:35:29.855819+00:00,10.0,0.11,1
2026-03-18T17:35:30.065104+00:00,10.0,0.11,1
2026-03-18T17:35:30.276143+00:00,10.0,0.11,1
2026-03-18T17:35:30.489428+00:00,10.0,0.11,1
2026-03-18T17:35:30.699494+00:00,10.0,0.11,1
2026-03-18T17:35:30.908713+00:00,10.0,0.11,1
2026-03-18T17:35:31.117665+00:00,10.0,0.11,1
2026-03-18T17:35:31.327374+00:00,10.0,0.11,1
2026-03-18T17:35:31.540712+00:00,10.0,0.11,1
2026-03-18T17:35:31.751082+00:00,10.0,0.11,1
2026-03-18T17:35:31.961113+00:00,10.0,0.11,1
2026-03-18T17:35:32.163991+00:00,10.0,0.11,1
2026-03-18T17:35:32.366989+00:00,10.0,0.11,1
2026-03-18T17:35:32.575871+00:00,10.0,0.11,1
2026-03-18T17:35:32.786116+00:00,10.0,0.11,1
2026-03-18T17:35:32.995409+00:00,10.0,0.11,1
2026-03-18T17:35:33.205852+00:00,10.0,0.11,1
2026-03-18T17:35:33.415573+00:00,10.0,0.11,1
2026-03-18T17:35:33.625316+00:00,10.0,0.11,1
2026-03-18T17:35:33.835030+00:00,10.0,0.11,1
2026-03-18T17:35:34.044041+00:00,10.0,0.11,1
2026-03-18T17:35:34.253962+00:00,10.0,0.11,1
2026-03-18T17:35:34.464261+00:00,10.0,0.11,1
2026-03-18T17:35:34.675545+00:00,10.0,0.11,1
2026-03-18T17:35:34.889573+00:00,10.0,0.11,1
2026-03-18T17:35:35.099419+00:00,10.0,0.11,1
2026-03-18T17:35:35.307858+00:00,10.0,0.11,1
2026-03-18T17:35:35.519631+00:00,10.0,0.11,1
2026-03-18T17:35:35.730605+00:00,10.0,0.11,1
2026-03-18T17:35:35.938371+00:00,10.0,0.11,1
2026-03-18T17:35:36.146442+00:00,10.0,0.11,1
2026-03-18T17:35:36.356559+00:00,10.0,0.11,1
2026-03-18T17:35:36.567834+00:00,10.0,0.11,1
2026-03-18T17:35:36.777276+00:00,10.0,0.11,1
2026-03-18T17:35:36.987621+00:00,10.0,0.11,1
2026-03-18T17:35:37.197138+00:00,10.0,0.11,1
2026-03-18T17:35:37.406078+00:00,10.0,0.11,1
2026-03-18T17:35:37.616811+00:00,10.0,0.11,1
2026-03-18T17:35:37.823862+00:00,10.0,0.11,1
2026-03-18T17:35:38.035082+00:00,10.0,0.11,1
2026-03-18T17:35:38.245581+00:00,10.0,0.11,1
2026-03-18T17:35:38.456015+00:00,10.0,0.11,1
2026-03-18T17:35:38.665267+00:00,10.0,0.11,1
2026-03-18T17:35:38.873456+00:00,10.0,0.11,1
2026-03-18T17:35:39.081901+00:00,10.0,0.11,1
2026-03-18T17:35:39.293121+00:00,10.0,0.11,1
2026-03-18T17:35:39.504038+00:00,10.0,0.11,1
2026-03-18T17:35:39.712158+00:00,10.0,0.11,1
2026-03-18T17:35:39.927097+00:00,10.0,0.11,1
2026-03-18T17:35:40.137201+00:00,10.0,0.11,1
2026-03-18T17:35:40.347232+00:00,10.0,0.11,1
2026-03-18T17:35:40.555985+00:00,10.0,0.11,1
2026-03-18T17:35:40.765880+00:00,10.0,0.11,1
2026-03-18T17:35:40.976865+00:00,10.0,0.11,1
2026-03-18T17:35:41.185128+00:00,10.0,0.11,1
2026-03-18T17:35:41.395277+00:00,10.0,0.11,1
2026-03-18T17:35:41.605338+00:00,10.0,0.11,1
2026-03-18T17:35:41.816634+00:00,10.0,0.11,1
2026-03-18T17:35:42.026767+00:00,10.0,0.11,1
2026-03-18T17:35:42.230708+00:00,10.0,0.11,1
2026-03-18T17:35:42.436958+00:00,10.0,0.11,1
2026-03-18T17:35:42.639727+00:00,10.0,0.11,1
2026-03-18T17:35:42.848816+00:00,10.0,0.11,1
2026-03-18T17:35:43.055221+00:00,10.0,0.11,1
2026-03-18T17:35:43.263884+00:00,10.0,0.11,1
2026-03-18T17:35:43.474853+00:00,10.0,0.11,1
2026-03-18T17:35:43.685253+00:00,10.0,0.11,1
2026-03-18T17:35:43.895436+00:00,10.0,0.11,1
2026-03-18T17:35:44.104909+00:00,10.0,0.11,1
2026-03-18T17:35:44.316860+00:00,10.0,0.11,1
2026-03-18T17:35:44.524770+00:00,10.0,0.11,1
2026-03-18T17:35:44.736340+00:00,10.0,0.11,1
2026-03-18T17:35:44.945845+00:00,10.0,0.11,1
2026-03-18T17:35:45.156455+00:00,10.0,0.11,1
2026-03-18T17:35:45.366808+00:00,10.0,0.11,1
2026-03-18T17:35:45.577018+00:00,10.0,0.11,1
2026-03-18T17:35:45.792285+00:00,10.0,0.11,1
2026-03-18T17:35:46.001911+00:00,10.0,0.11,1
2026-03-18T17:35:46.215563+00:00,10.0,0.11,1
2026-03-18T17:35:46.426047+00:00,10.0,0.11,1
2026-03-18T17:35:46.637219+00:00,10.0,0.11,1
2026-03-18T17:35:46.849648+00:00,10.0,0.11,1
2026-03-18T17:35:47.060153+00:00,10.0,0.11,1
2026-03-18T17:35:47.268495+00:00,10.0,0.11,1
2026-03-18T17:35:47.480771+00:00,10.0,0.11,1
2026-03-18T17:35:47.692347+00:00,10.0,0.11,1
2026-03-18T17:35:47.903002+00:00,10.0,0.11,1
2026-03-18T17:35:48.113834+00:00,10.0,0.11,1
2026-03-18T17:35:48.323976+00:00,10.0,0.11,1
2026-03-18T17:35:48.531673+00:00,10.0,0.11,1
2026-03-18T17:35:48.740482+00:00,10.0,0.11,1
2026-03-18T17:35:48.951336+00:00,10.0,0.11,1
2026-03-18T17:35:49.162146+00:00,10.0,0.11,1
2026-03-18T17:35:49.371372+00:00,10.0,0.11,1
2026-03-18T17:35:49.574586+00:00,10.0,0.11,1
2026-03-18T17:35:49.777093+00:00,10.0,0.11,1
2026-03-18T17:35:49.985168+00:00,10.0,0.11,1
2026-03-18T17:35:50.199325+00:00,10.0,0.11,1
2026-03-18T17:35:50.413901+00:00,10.0,0.11,1
2026-03-18T17:35:50.623110+00:00,10.0,0.11,1
2026-03-18T17:35:50.832438+00:00,10.0,0.11,1
2026-03-18T17:35:51.042301+00:00,10.0,0.11,1
2026-03-18T17:35:51.251383+00:00,10.0,0.11,1
2026-03-18T17:35:51.460534+00:00,10.0,0.11,1
2026-03-18T17:35:51.670464+00:00,10.0,0.11,1
2026-03-18T17:35:51.881683+00:00,10.0,0.11,1
2026-03-18T17:35:52.091232+00:00,10.0,0.11,1
2026-03-18T17:35:52.301749+00:00,10.0,0.11,1
2026-03-18T17:35:52.508373+00:00,10.0,0.11,1
2026-03-18T17:35:52.719861+00:00,10.0,0.11,1
2026-03-18T17:35:52.929952+00:00,10.0,0.11,1
2026-03-18T17:35:53.141471+00:00,10.0,0.11,1
2026-03-18T17:35:53.351699+00:00,10.0,0.11,1
2026-03-18T17:35:53.562176+00:00,10.0,0.11,1
2026-03-18T17:35:53.772201+00:00,10.0,0.11,1
2026-03-18T17:35:53.981089+00:00,10.0,0.11,1
2026-03-18T17:35:54.189707+00:00,10.0,0.11,1
2026-03-18T17:35:54.400845+00:00,10.0,0.11,1
2026-03-18T17:35:54.609829+00:00,10.0,0.11,1
2026-03-18T17:35:54.819755+00:00,10.0,0.11,1
2026-03-18T17:35:55.028852+00:00,10.0,0.11,1
2026-03-18T17:35:55.237881+00:00,10.0,0.11,1
2026-03-18T17:35:55.448193+00:00,10.0,0.11,1
2026-03-18T17:35:55.658154+00:00,10.0,0.11,1
2026-03-18T17:35:55.865802+00:00,10.0,0.11,1
2026-03-18T17:35:56.078984+00:00,10.0,0.11,1
2026-03-18T17:35:56.284418+00:00,10.0,0.11,1
2026-03-18T17:35:56.495199+00:00,10.0,0.11,1
2026-03-18T17:35:56.705239+00:00,10.0,0.11,1
2026-03-18T17:35:56.915145+00:00,10.0,0.11,1
2026-03-18T17:35:57.125745+00:00,10.0,0.11,1
2026-03-18T17:35:57.333423+00:00,10.0,0.11,1
2026-03-18T17:35:57.536445+00:00,10.0,0.11,1
2026-03-18T17:35:57.744999+00:00,10.0,0.11,1
2026-03-18T17:35:57.948545+00:00,10.0,0.11,1
2026-03-18T17:35:58.154189+00:00,10.0,0.11,1
2026-03-18T17:35:58.360821+00:00,10.0,0.11,1
2026-03-18T17:35:58.568030+00:00,10.0,0.11,1
2026-03-18T17:35:58.775735+00:00,10.0,0.11,1
2026-03-18T17:35:58.984338+00:00,10.0,0.11,1
2026-03-18T17:35:59.187811+00:00,10.0,0.11,1
2026-03-18T17:35:59.392170+00:00,10.0,0.11,1
2026-03-18T17:35:59.604061+00:00,10.0,0.11,1
2026-03-18T17:35:59.814154+00:00,10.0,0.11,1
2026-03-18T17:36:00.021890+00:00,10.0,0.11,1
2026-03-18T17:36:00.231696+00:00,10.0,0.11,1
2026-03-18T17:36:00.440713+00:00,10.0,0.11,1
2026-03-18T17:36:00.654235+00:00,10.0,0.11,1
2026-03-18T17:36:00.865572+00:00,10.0,0.11,1
2026-03-18T17:36:01.076346+00:00,10.0,0.11,1
2026-03-18T17:36:01.287274+00:00,10.0,0.11,1
2026-03-18T17:36:01.498000+00:00,10.0,0.11,1
2026-03-18T17:36:01.707668+00:00,10.0,0.11,1
2026-03-18T17:36:01.915271+00:00,10.0,0.11,1
2026-03-18T17:36:02.125752+00:00,10.0,0.11,1
2026-03-18T17:36:02.329761+00:00,10.0,0.11,1
2026-03-18T17:36:02.540527+00:00,10.0,0.11,1
2026-03-18T17:36:02.746273+00:00,10.0,0.11,1
2026-03-18T17:36:02.953046+00:00,10.0,0.11,1
2026-03-18T17:36:03.158396+00:00,10.0,0.11,1
2026-03-18T17:36:03.363074+00:00,10.0,0.11,1
2026-03-18T17:36:03.568692+00:00,10.0,0.11,1
2026-03-18T17:36:03.775683+00:00,10.0,0.11,1
2026-03-18T17:36:03.986374+00:00,10.0,0.11,1
2026-03-18T17:36:04.198358+00:00,10.0,0.11,1
2026-03-18T17:36:04.405655+00:00,10.0,0.11,1
2026-03-18T17:36:04.616883+00:00,10.0,0.11,1
2026-03-18T17:36:04.827716+00:00,10.0,0.11,1
2026-03-18T17:36:05.038981+00:00,10.0,0.11,1
2026-03-18T17:36:05.248741+00:00,10.0,0.11,1
2026-03-18T17:36:05.459566+00:00,10.0,0.11,1
2026-03-18T17:36:05.670056+00:00,10.0,0.11,1
2026-03-18T17:36:05.879486+00:00,10.0,0.11,1
2026-03-18T17:36:06.088743+00:00,10.0,0.11,1
2026-03-18T17:36:06.299792+00:00,10.0,0.11,1
2026-03-18T17:36:06.512039+00:00,10.0,0.11,1
2026-03-18T17:36:06.721194+00:00,10.0,0.11,1
2026-03-18T17:36:06.935564+00:00,10.0,0.11,1
2026-03-18T17:36:07.144205+00:00,10.0,0.11,1
2026-03-18T17:36:07.355360+00:00,10.0,0.11,1
2026-03-18T17:36:07.565572+00:00,10.0,0.11,1
2026-03-18T17:36:07.776819+00:00,10.0,0.11,1
2026-03-18T17:36:07.987889+00:00,10.0,0.11,1
2026-03-18T17:36:08.197619+00:00,10.0,0.11,1
2026-03-18T17:36:08.409344+00:00,10.0,0.11,1
2026-03-18T17:36:08.621451+00:00,10.0,0.11,1
2026-03-18T17:36:08.831725+00:00,10.0,0.11,1
2026-03-18T17:36:09.040784+00:00,10.0,0.11,1
2026-03-18T17:36:09.253875+00:00,10.0,0.11,1
2026-03-18T17:36:09.464396+00:00,10.0,0.11,1
2026-03-18T17:36:09.673701+00:00,10.0,0.11,1
2026-03-18T17:36:09.882353+00:00,10.0,0.11,1
2026-03-18T17:36:10.092507+00:00,10.0,0.11,1
2026-03-18T17:36:10.300281+00:00,10.0,0.11,1
2026-03-18T17:36:10.511422+00:00,10.0,0.11,1
2026-03-18T17:36:10.721314+00:00,10.0,0.11,1
2026-03-18T17:36:10.932624+00:00,10.0,0.11,1
2026-03-18T17:36:11.147352+00:00,10.0,0.11,1
2026-03-18T17:36:11.355349+00:00,10.0,0.11,1
2026-03-18T17:36:11.565695+00:00,10.0,0.11,1
2026-03-18T17:36:11.776519+00:00,10.0,0.11,1
2026-03-18T17:36:11.987120+00:00,10.0,0.11,1
2026-03-18T17:36:12.190526+00:00,10.0,0.11,1
2026-03-18T17:36:12.396564+00:00,10.0,0.11,1
2026-03-18T17:36:12.599187+00:00,10.0,0.11,1
2026-03-18T17:36:12.808173+00:00,10.0,0.11,1
2026-03-18T17:36:13.013013+00:00,10.0,0.11,1
2026-03-18T17:36:13.222419+00:00,10.0,0.11,1
2026-03-18T17:36:13.431858+00:00,10.0,0.11,1
2026-03-18T17:36:13.643481+00:00,10.0,0.11,1
2026-03-18T17:36:13.853294+00:00,10.0,0.11,1
2026-03-18T17:36:14.063332+00:00,10.0,0.11,1
2026-03-18T17:36:14.274280+00:00,10.0,0.11,1
2026-03-18T17:36:14.485731+00:00,10.0,0.11,1
2026-03-18T17:36:14.696453+00:00,10.0,0.11,1
2026-03-18T17:36:14.907263+00:00,10.0,0.11,1
2026-03-18T17:36:15.117499+00:00,10.0,0.11,1
2026-03-18T17:36:15.332633+00:00,10.0,0.11,1
2026-03-18T17:36:15.545305+00:00,10.0,0.11,1
2026-03-18T17:36:15.757914+00:00,10.0,0.11,1
2026-03-18T17:36:15.968209+00:00,10.0,0.11,1
2026-03-18T17:36:16.179241+00:00,10.0,0.11,1
2026-03-18T17:36:16.390440+00:00,10.0,0.11,1
2026-03-18T17:36:16.601056+00:00,10.0,0.11,1
2026-03-18T17:36:16.811706+00:00,10.0,0.11,1
2026-03-18T17:36:17.021327+00:00,10.0,0.11,1
2026-03-18T17:36:17.224512+00:00,10.0,0.11,1
2026-03-18T17:36:17.429426+00:00,10.0,0.11,1
2026-03-18T17:36:17.639552+00:00,10.0,0.11,1
2026-03-18T17:36:17.847053+00:00,10.0,0.11,1
2026-03-18T17:36:18.056851+00:00,10.0,0.11,1
2026-03-18T17:36:18.266659+00:00,10.0,0.11,1
2026-03-18T17:36:18.477193+00:00,10.0,0.11,1
2026-03-18T17:36:18.684400+00:00,10.0,0.11,1
2026-03-18T17:36:18.894873+00:00,10.0,0.11,1
2026-03-18T17:36:19.108687+00:00,10.0,0.11,1
2026-03-18T17:36:19.321116+00:00,10.0,0.11,1
2026-03-18T17:36:19.532182+00:00,10.0,0.11,1
2026-03-18T17:36:19.741743+00:00,10.0,0.11,1
2026-03-18T17:36:19.953768+00:00,10.0,0.11,1
2026-03-18T17:36:20.166711+00:00,10.0,0.11,1
2026-03-18T17:36:20.376245+00:00,10.0,0.11,1
2026-03-18T17:36:20.589526+00:00,10.0,0.11,1
2026-03-18T17:36:20.799126+00:00,10.0,0.11,1
2026-03-18T17:36:21.009642+00:00,10.0,0.11,1
2026-03-18T17:36:21.219845+00:00,10.0,0.11,1
2026-03-18T17:36:21.428619+00:00,10.0,0.11,1
2026-03-18T17:36:21.639874+00:00,10.0,0.11,1
2026-03-18T17:36:21.850387+00:00,10.0,0.11,1
2026-03-18T17:36:22.060817+00:00,10.0,0.11,1
2026-03-18T17:36:22.269610+00:00,10.0,0.11,1
2026-03-18T17:36:22.478266+00:00,10.0,0.11,1
2026-03-18T17:36:22.688270+00:00,10.0,0.11,1
2026-03-18T17:36:22.898109+00:00,10.0,0.11,1
2026-03-18T17:36:23.107534+00:00,10.0,0.11,1
2026-03-18T17:36:23.318566+00:00,10.0,0.11,1
2026-03-18T17:36:23.528336+00:00,10.0,0.11,1
2026-03-18T17:36:23.738311+00:00,10.0,0.11,1
2026-03-18T17:36:23.948309+00:00,10.0,0.11,1
2026-03-18T17:36:24.158644+00:00,10.0,0.11,1
2026-03-18T17:36:24.367877+00:00,10.0,0.11,1
2026-03-18T17:36:24.578157+00:00,10.0,0.11,1
2026-03-18T17:36:24.788467+00:00,10.0,0.11,1
2026-03-18T17:36:24.999169+00:00,10.0,0.11,1
2026-03-18T17:36:25.208368+00:00,10.0,0.11,1
2026-03-18T17:36:25.417177+00:00,10.0,0.11,1
2026-03-18T17:36:25.626733+00:00,10.0,0.11,1
2026-03-18T17:36:25.837266+00:00,10.0,0.11,1
2026-03-18T17:36:26.048732+00:00,10.0,0.11,1
2026-03-18T17:36:26.259511+00:00,10.0,0.11,1
2026-03-18T17:36:26.474786+00:00,10.0,0.11,1
2026-03-18T17:36:26.684188+00:00,10.0,0.11,1
2026-03-18T17:36:26.893088+00:00,10.0,0.11,1
2026-03-18T17:36:27.104041+00:00,10.0,0.11,1
2026-03-18T17:36:27.307650+00:00,10.0,0.11,1
2026-03-18T17:36:27.511742+00:00,10.0,0.11,1
2026-03-18T17:36:27.714523+00:00,10.0,0.11,1
2026-03-18T17:36:27.918414+00:00,10.0,0.11,1
2026-03-18T17:36:28.126862+00:00,10.0,0.11,1
2026-03-18T17:36:28.336025+00:00,10.0,0.11,1
2026-03-18T17:36:28.544189+00:00,10.0,0.11,1
2026-03-18T17:36:28.755717+00:00,10.0,0.11,1
2026-03-18T17:36:28.966050+00:00,10.0,0.11,1
2026-03-18T17:36:29.174910+00:00,10.0,0.11,1
2026-03-18T17:36:29.385376+00:00,10.0,0.11,1
2026-03-18T17:36:29.595727+00:00,10.0,0.11,1
2026-03-18T17:36:29.806356+00:00,10.0,0.11,1
2026-03-18T17:36:30.019458+00:00,10.0,0.11,1
2026-03-18T17:36:30.231575+00:00,10.0,0.11,1
2026-03-18T17:36:30.439217+00:00,10.0,0.11,1
2026-03-18T17:36:30.646101+00:00,10.0,0.11,1
2026-03-18T17:36:30.856758+00:00,10.0,0.11,1
2026-03-18T17:36:31.066483+00:00,10.0,0.11,1
2026-03-18T17:36:31.272779+00:00,10.0,0.11,1
2026-03-18T17:36:31.481517+00:00,10.0,0.11,1
2026-03-18T17:36:31.690209+00:00,10.0,0.11,1
2026-03-18T17:36:31.897917+00:00,10.0,0.11,1
2026-03-18T17:36:32.106823+00:00,10.0,0.11,1
2026-03-18T17:36:32.309598+00:00,10.0,0.11,1
2026-03-18T17:36:32.519214+00:00,10.0,0.11,1
2026-03-18T17:36:32.729734+00:00,10.0,0.11,1
2026-03-18T17:36:32.941589+00:00,10.0,0.11,1
2026-03-18T17:36:33.152971+00:00,10.0,0.11,1
2026-03-18T17:36:33.364702+00:00,10.0,0.11,1
2026-03-18T17:36:33.575357+00:00,10.0,0.11,1
2026-03-18T17:36:33.785618+00:00,10.0,0.11,1
2026-03-18T17:36:33.994888+00:00,10.0,0.11,1
2026-03-18T17:36:34.205310+00:00,10.0,0.11,1
2026-03-18T17:36:34.416328+00:00,10.0,0.11,1
2026-03-18T17:36:34.626210+00:00,10.0,0.11,1
2026-03-18T17:36:34.834590+00:00,10.0,0.11,1
2026-03-18T17:36:35.046513+00:00,10.0,0.11,1
2026-03-18T17:36:35.256637+00:00,10.0,0.11,1
2026-03-18T17:36:35.466042+00:00,10.0,0.11,1
2026-03-18T17:36:35.673953+00:00,10.0,0.11,1
2026-03-18T17:36:35.885062+00:00,10.0,0.11,1
2026-03-18T17:36:36.095848+00:00,10.0,0.11,1
2026-03-18T17:36:36.306883+00:00,10.0,0.11,1
2026-03-18T17:36:36.515700+00:00,10.0,0.11,1
2026-03-18T17:36:36.724560+00:00,10.0,0.11,1
2026-03-18T17:36:36.934080+00:00,10.0,0.11,1
2026-03-18T17:36:37.145344+00:00,10.0,0.11,1
2026-03-18T17:36:37.356903+00:00,10.0,0.11,1
2026-03-18T17:36:37.565085+00:00,10.0,0.11,1
2026-03-18T17:36:37.775198+00:00,10.0,0.11,1
2026-03-18T17:36:37.985275+00:00,10.0,0.11,1
2026-03-18T17:36:38.196263+00:00,10.0,0.11,1
2026-03-18T17:36:38.408127+00:00,10.0,0.11,1
2026-03-18T17:36:38.619187+00:00,10.0,0.11,1
2026-03-18T17:36:38.829239+00:00,10.0,0.11,1
2026-03-18T17:36:39.039482+00:00,10.0,0.11,1
2026-03-18T17:36:39.248825+00:00,10.0,0.11,1
2026-03-18T17:36:39.461776+00:00,10.0,0.11,1
2026-03-18T17:36:39.671901+00:00,10.0,0.11,1
2026-03-18T17:36:39.882474+00:00,10.0,0.11,1
2026-03-18T17:36:40.092725+00:00,10.0,0.11,1
2026-03-18T17:36:40.303271+00:00,10.0,0.11,1
2026-03-18T17:36:40.511597+00:00,10.0,0.11,1
2026-03-18T17:36:40.726151+00:00,10.0,0.11,1
2026-03-18T17:36:40.936458+00:00,10.0,0.11,1
2026-03-18T17:36:41.149308+00:00,10.0,0.11,1
2026-03-18T17:36:41.360468+00:00,10.0,0.11,1
2026-03-18T17:36:41.569135+00:00,10.0,0.11,1
2026-03-18T17:36:41.784073+00:00,10.0,0.11,1
2026-03-18T17:36:41.995366+00:00,10.0,0.11,1
2026-03-18T17:36:42.200768+00:00,10.0,0.11,1
2026-03-18T17:36:42.404015+00:00,10.0,0.11,1
2026-03-18T17:36:42.607633+00:00,10.0,0.11,1
2026-03-18T17:36:42.813654+00:00,10.0,0.11,1
2026-03-18T17:36:43.017452+00:00,10.0,0.11,1
2026-03-18T17:36:43.225984+00:00,10.0,0.11,1
2026-03-18T17:36:43.437618+00:00,10.0,0.11,1
2026-03-18T17:36:43.648492+00:00,10.0,0.11,1
2026-03-18T17:36:43.859010+00:00,10.0,0.11,1
2026-03-18T17:36:44.067749+00:00,10.0,0.11,1
2026-03-18T17:36:44.279692+00:00,10.0,0.11,1
2026-03-18T17:36:44.489025+00:00,10.0,0.11,1
2026-03-18T17:36:44.699232+00:00,10.0,0.11,1
2026-03-18T17:36:44.907361+00:00,10.0,0.11,1
2026-03-18T17:36:45.112617+00:00,10.0,0.11,1
2026-03-18T17:36:45.320418+00:00,10.0,0.11,1
2026-03-18T17:36:45.528110+00:00,10.0,0.11,1
2026-03-18T17:36:45.739679+00:00,10.0,0.11,1
2026-03-18T17:36:45.952713+00:00,10.0,0.11,1
2026-03-18T17:36:46.163099+00:00,10.0,0.11,1
2026-03-18T17:36:46.373219+00:00,10.0,0.11,1
2026-03-18T17:36:46.583606+00:00,10.0,0.11,1
2026-03-18T17:36:46.795903+00:00,10.0,0.11,1
2026-03-18T17:36:47.006886+00:00,10.0,0.11,1
2026-03-18T17:36:47.212955+00:00,10.0,0.11,1
2026-03-18T17:36:47.420658+00:00,10.0,0.11,1
2026-03-18T17:36:47.629690+00:00,10.0,0.11,1
2026-03-18T17:36:47.838277+00:00,10.0,0.11,1
2026-03-18T17:36:48.043834+00:00,10.0,0.11,1
2026-03-18T17:36:48.254555+00:00,10.0,0.11,1
2026-03-18T17:36:48.470810+00:00,10.0,0.11,1
2026-03-18T17:36:48.683016+00:00,10.0,0.11,1
2026-03-18T17:36:48.892816+00:00,10.0,0.11,1
2026-03-18T17:36:49.106161+00:00,10.0,0.11,1
2026-03-18T17:36:49.316365+00:00,10.0,0.11,1
2026-03-18T17:36:49.525783+00:00,10.0,0.11,1
2026-03-18T17:36:49.736317+00:00,10.0,0.11,1
2026-03-18T17:36:49.949084+00:00,10.0,0.11,1
2026-03-18T17:36:50.160369+00:00,10.0,0.11,1
2026-03-18T17:36:50.368911+00:00,10.0,0.11,1
2026-03-18T17:36:50.580460+00:00,10.0,0.11,1
2026-03-18T17:36:50.788305+00:00,10.0,0.11,1
2026-03-18T17:36:50.998282+00:00,10.0,0.11,1
2026-03-18T17:36:51.209079+00:00,10.0,0.11,1
2026-03-18T17:36:51.420698+00:00,10.0,0.11,1
2026-03-18T17:36:51.630859+00:00,10.0,0.11,1
2026-03-18T17:36:51.840687+00:00,10.0,0.11,1
2026-03-18T17:36:52.051286+00:00,10.0,0.11,1
2026-03-18T17:36:52.263848+00:00,10.0,0.11,1
2026-03-18T17:36:52.474327+00:00,10.0,0.11,1
2026-03-18T17:36:52.689095+00:00,10.0,0.11,1
2026-03-18T17:36:52.899422+00:00,10.0,0.11,1
2026-03-18T17:36:53.109648+00:00,10.0,0.11,1
2026-03-18T17:36:53.313728+00:00,10.0,0.11,1
2026-03-18T17:36:53.522752+00:00,10.0,0.11,1
2026-03-18T17:36:53.732171+00:00,10.0,0.11,1
2026-03-18T17:36:53.940536+00:00,10.0,0.11,1
2026-03-18T17:36:54.147268+00:00,10.0,0.11,1
2026-03-18T17:36:54.360282+00:00,10.0,0.11,1
2026-03-18T17:36:54.568611+00:00,10.0,0.11,1
2026-03-18T17:36:54.778238+00:00,10.0,0.11,1
2026-03-18T17:36:54.988551+00:00,10.0,0.11,1
2026-03-18T17:36:55.200078+00:00,10.0,0.11,1
2026-03-18T17:36:55.411051+00:00,10.0,0.11,1
2026-03-18T17:36:55.620312+00:00,10.0,0.11,1
2026-03-18T17:36:55.831340+00:00,10.0,0.11,1
2026-03-18T17:36:56.042699+00:00,10.0,0.11,1
2026-03-18T17:36:56.255739+00:00,10.0,0.11,1
2026-03-18T17:36:56.468055+00:00,10.0,0.11,1
2026-03-18T17:36:56.678203+00:00,10.0,0.11,1
2026-03-18T17:36:56.886251+00:00,10.0,0.11,1
2026-03-18T17:36:57.097300+00:00,10.0,0.11,1
2026-03-18T17:36:57.301642+00:00,10.0,0.11,1
2026-03-18T17:36:57.506748+00:00,10.0,0.11,1
2026-03-18T17:36:57.709568+00:00,10.0,0.11,1
2026-03-18T17:36:57.918800+00:00,10.0,0.11,1
2026-03-18T17:36:58.127998+00:00,10.0,0.11,1
2026-03-18T17:36:58.337144+00:00,10.0,0.11,1
2026-03-18T17:36:58.543202+00:00,10.0,0.11,1
2026-03-18T17:36:58.755427+00:00,10.0,0.11,1
2026-03-18T17:36:58.966098+00:00,10.0,0.11,1
2026-03-18T17:36:59.177602+00:00,10.0,0.11,1
2026-03-18T17:36:59.390530+00:00,10.0,0.11,1
2026-03-18T17:36:59.599660+00:00,10.0,0.11,1
2026-03-18T17:36:59.806136+00:00,10.0,0.11,1
2026-03-18T17:37:00.015299+00:00,10.0,0.11,1
2026-03-18T17:37:00.226567+00:00,10.0,0.11,1
2026-03-18T17:37:00.435164+00:00,10.0,0.11,1
2026-03-18T17:37:00.646651+00:00,10.0,0.11,1
2026-03-18T17:37:00.858202+00:00,10.0,0.11,1
2026-03-18T17:37:01.068459+00:00,10.0,0.11,1
2026-03-18T17:37:01.279448+00:00,10.0,0.11,1
2026-03-18T17:37:01.488028+00:00,10.0,0.11,1
2026-03-18T17:37:01.698060+00:00,10.0,0.11,1
2026-03-18T17:37:01.903192+00:00,10.0,0.11,1
2026-03-18T17:37:02.113071+00:00,10.0,0.11,1
2026-03-18T17:37:02.316053+00:00,10.0,0.11,1
2026-03-18T17:37:02.522346+00:00,10.0,0.11,1
2026-03-18T17:37:02.731238+00:00,10.0,0.11,1
2026-03-18T17:37:02.940703+00:00,10.0,0.11,1
2026-03-18T17:37:03.151081+00:00,10.0,0.11,1
2026-03-18T17:37:03.359097+00:00,10.0,0.11,1
2026-03-18T17:37:03.570285+00:00,10.0,0.11,1
2026-03-18T17:37:03.779603+00:00,10.0,0.11,1
2026-03-18T17:37:03.990105+00:00,10.0,0.11,1
2026-03-18T17:37:04.200904+00:00,10.0,0.11,1
2026-03-18T17:37:04.413213+00:00,10.0,0.11,1
2026-03-18T17:37:04.623020+00:00,10.0,0.11,1
2026-03-18T17:37:04.833571+00:00,10.0,0.11,1
2026-03-18T17:37:05.043487+00:00,10.0,0.11,1
2026-03-18T17:37:05.252961+00:00,10.0,0.11,1
2026-03-18T17:37:05.465417+00:00,10.0,0.11,1
2026-03-18T17:37:05.675260+00:00,10.0,0.11,1
2026-03-18T17:37:05.885165+00:00,10.0,0.11,1
2026-03-18T17:37:06.098517+00:00,10.0,0.11,1
2026-03-18T17:37:06.307066+00:00,10.0,0.11,1
2026-03-18T17:37:06.518667+00:00,10.0,0.11,1
2026-03-18T17:37:06.729676+00:00,10.0,0.11,1
2026-03-18T17:37:06.937185+00:00,10.0,0.11,1
2026-03-18T17:37:07.146384+00:00,10.0,0.11,1
2026-03-18T17:37:07.356350+00:00,10.0,0.11,1
2026-03-18T17:37:07.565861+00:00,10.0,0.11,1
2026-03-18T17:37:07.775427+00:00,10.0,0.11,1
2026-03-18T17:37:07.984542+00:00,10.0,0.11,1
2026-03-18T17:37:08.194774+00:00,10.0,0.11,1
2026-03-18T17:37:08.406564+00:00,10.0,0.11,1
2026-03-18T17:37:08.617182+00:00,10.0,0.11,1
2026-03-18T17:37:08.827522+00:00,10.0,0.11,1
2026-03-18T17:37:09.037141+00:00,10.0,0.11,1
2026-03-18T17:37:09.252180+00:00,10.0,0.11,1
2026-03-18T17:37:09.461442+00:00,10.0,0.11,1
2026-03-18T17:37:09.671165+00:00,10.0,0.11,1
2026-03-18T17:37:09.881899+00:00,10.0,0.11,1
2026-03-18T17:37:10.092009+00:00,10.0,0.11,1
2026-03-18T17:37:10.302272+00:00,10.0,0.11,1
2026-03-18T17:37:10.513905+00:00,10.0,0.11,1
2026-03-18T17:37:10.723804+00:00,10.0,0.11,1
2026-03-18T17:37:10.933451+00:00,10.0,0.11,1
2026-03-18T17:37:11.143276+00:00,10.0,0.11,1
2026-03-18T17:37:11.352610+00:00,10.0,0.11,1
2026-03-18T17:37:11.562833+00:00,10.0,0.11,1
2026-03-18T17:37:11.772972+00:00,10.0,0.11,1
2026-03-18T17:37:11.984496+00:00,10.0,0.11,1
2026-03-18T17:37:12.195087+00:00,10.0,0.11,1
2026-03-18T17:37:12.397554+00:00,10.0,0.11,1
2026-03-18T17:37:12.604897+00:00,10.0,0.11,1
2026-03-18T17:37:12.807801+00:00,10.0,0.11,1
2026-03-18T17:37:13.010652+00:00,10.0,0.11,1
2026-03-18T17:37:13.221554+00:00,10.0,0.11,1
2026-03-18T17:37:13.432971+00:00,10.0,0.11,1
2026-03-18T17:37:13.642637+00:00,10.0,0.11,1
2026-03-18T17:37:13.851942+00:00,10.0,0.11,1
2026-03-18T17:37:14.062738+00:00,10.0,0.11,1
2026-03-18T17:37:14.274295+00:00,10.0,0.11,1
2026-03-18T17:37:14.484997+00:00,10.0,0.11,1
2026-03-18T17:37:14.693834+00:00,10.0,0.11,1
2026-03-18T17:37:14.902315+00:00,10.0,0.11,1
2026-03-18T17:37:15.111257+00:00,10.0,0.11,1
2026-03-18T17:37:15.321284+00:00,10.0,0.11,1
2026-03-18T17:37:15.531604+00:00,10.0,0.11,1
2026-03-18T17:37:15.742374+00:00,10.0,0.11,1
2026-03-18T17:37:15.953640+00:00,10.0,0.11,1
2026-03-18T17:37:16.164374+00:00,10.0,0.11,1
2026-03-18T17:37:16.370671+00:00,10.0,0.11,1
2026-03-18T17:37:16.579258+00:00,10.0,0.11,1
2026-03-18T17:37:16.789612+00:00,10.0,0.11,1
2026-03-18T17:37:17.002815+00:00,10.0,0.11,1
2026-03-18T17:37:17.212559+00:00,10.0,0.11,1
2026-03-18T17:37:17.417232+00:00,10.0,0.11,1
2026-03-18T17:37:17.629084+00:00,10.0,0.11,1
2026-03-18T17:37:17.840141+00:00,10.0,0.11,1
2026-03-18T17:37:18.050370+00:00,10.0,0.11,1
2026-03-18T17:37:18.265529+00:00,10.0,0.11,1
2026-03-18T17:37:18.472884+00:00,10.0,0.11,1
2026-03-18T17:37:18.683971+00:00,10.0,0.11,1
2026-03-18T17:37:18.894634+00:00,10.0,0.11,1
2026-03-18T17:37:19.102068+00:00,10.0,0.11,1
2026-03-18T17:37:19.315178+00:00,10.0,0.11,1
2026-03-18T17:37:19.523099+00:00,10.0,0.11,1
2026-03-18T17:37:19.731649+00:00,10.0,0.11,1
2026-03-18T17:37:19.939900+00:00,10.0,0.11,1
2026-03-18T17:37:20.149800+00:00,10.0,0.11,1
2026-03-18T17:37:20.362125+00:00,10.0,0.11,1
2026-03-18T17:37:20.572053+00:00,10.0,0.11,1
2026-03-18T17:37:20.781327+00:00,10.0,0.11,1
2026-03-18T17:37:20.991196+00:00,10.0,0.11,1
2026-03-18T17:37:21.201641+00:00,10.0,0.11,1
2026-03-18T17:37:21.412168+00:00,10.0,0.11,1
2026-03-18T17:37:21.621369+00:00,10.0,0.11,1
2026-03-18T17:37:21.830689+00:00,10.0,0.11,1
2026-03-18T17:37:22.041019+00:00,10.0,0.11,1
2026-03-18T17:37:22.250718+00:00,10.0,0.11,1
2026-03-18T17:37:22.457430+00:00,10.0,0.11,1
2026-03-18T17:37:22.669567+00:00,10.0,0.11,1
2026-03-18T17:37:22.878058+00:00,10.0,0.11,1
2026-03-18T17:37:23.085539+00:00,10.0,0.11,1
2026-03-18T17:37:23.295641+00:00,10.0,0.11,1
2026-03-18T17:37:23.506670+00:00,10.0,0.11,1
2026-03-18T17:37:23.718060+00:00,10.0,0.11,1
2026-03-18T17:37:23.929143+00:00,10.0,0.11,1
2026-03-18T17:37:24.140154+00:00,10.0,0.11,1
2026-03-18T17:37:24.351563+00:00,10.0,0.11,1
2026-03-18T17:37:24.563055+00:00,10.0,0.11,1
2026-03-18T17:37:24.773888+00:00,10.0,0.11,1
2026-03-18T17:37:24.982095+00:00,10.0,0.11,1
2026-03-18T17:37:25.192317+00:00,10.0,0.11,1
2026-03-18T17:37:25.404786+00:00,10.0,0.11,1
2026-03-18T17:37:25.618483+00:00,10.0,0.11,1
2026-03-18T17:37:25.832250+00:00,10.0,0.11,1
2026-03-18T17:37:26.042154+00:00,10.0,0.11,1
2026-03-18T17:37:26.254092+00:00,10.0,0.11,1
2026-03-18T17:37:26.459598+00:00,10.0,0.11,1
2026-03-18T17:37:26.666882+00:00,10.0,0.11,1
2026-03-18T17:37:26.875114+00:00,10.0,0.11,1
2026-03-18T17:37:27.089900+00:00,10.0,0.11,1
2026-03-18T17:37:27.293960+00:00,10.0,0.11,1
2026-03-18T17:37:27.504114+00:00,10.0,0.11,1
2026-03-18T17:37:27.706802+00:00,10.0,0.11,1
2026-03-18T17:37:27.913867+00:00,10.0,0.11,1
2026-03-18T17:37:28.118355+00:00,10.0,0.11,1
2026-03-18T17:37:28.326624+00:00,10.0,0.11,1
2026-03-18T17:37:28.533138+00:00,10.0,0.11,1
2026-03-18T17:37:28.738795+00:00,10.0,0.11,1
2026-03-18T17:37:28.949098+00:00,10.0,0.11,1
2026-03-18T17:37:29.159180+00:00,10.0,0.11,1
2026-03-18T17:37:29.374076+00:00,10.0,0.11,1
2026-03-18T17:37:29.586750+00:00,10.0,0.11,1
2026-03-18T17:37:29.801422+00:00,10.0,0.11,1
2026-03-18T17:37:30.012039+00:00,10.0,0.11,1
2026-03-18T17:37:30.222739+00:00,10.0,0.11,1
2026-03-18T17:37:30.433739+00:00,10.0,0.11,1
2026-03-18T17:37:30.643393+00:00,10.0,0.11,1
2026-03-18T17:37:30.853167+00:00,10.0,0.11,1
2026-03-18T17:37:31.063653+00:00,10.0,0.11,1
2026-03-18T17:37:31.272253+00:00,10.0,0.11,1
2026-03-18T17:37:31.482851+00:00,10.0,0.11,1
2026-03-18T17:37:31.693463+00:00,10.0,0.11,1
2026-03-18T17:37:31.902233+00:00,10.0,0.11,1
2026-03-18T17:37:32.113079+00:00,10.0,0.11,1
2026-03-18T17:37:32.316537+00:00,10.0,0.11,1
2026-03-18T17:37:32.525244+00:00,10.0,0.11,1
2026-03-18T17:37:32.736046+00:00,10.0,0.11,1
2026-03-18T17:37:32.944994+00:00,10.0,0.11,1
2026-03-18T17:37:33.154398+00:00,10.0,0.11,1
2026-03-18T17:37:33.363453+00:00,10.0,0.11,1
2026-03-18T17:37:33.572205+00:00,10.0,0.11,1
2026-03-18T17:37:33.781132+00:00,10.0,0.11,1
2026-03-18T17:37:33.990568+00:00,10.0,0.11,1
2026-03-18T17:37:34.201742+00:00,10.0,0.11,1
2026-03-18T17:37:34.412067+00:00,10.0,0.11,1
2026-03-18T17:37:34.620907+00:00,10.0,0.11,1
2026-03-18T17:37:34.832042+00:00,10.0,0.11,1
2026-03-18T17:37:35.043921+00:00,10.0,0.11,1
2026-03-18T17:37:35.256810+00:00,10.0,0.11,1
2026-03-18T17:37:35.466522+00:00,10.0,0.11,1
2026-03-18T17:37:35.675166+00:00,10.0,0.11,1
2026-03-18T17:37:35.885608+00:00,10.0,0.11,1
2026-03-18T17:37:36.096186+00:00,10.0,0.11,1
2026-03-18T17:37:36.306219+00:00,10.0,0.11,1
2026-03-18T17:37:36.520794+00:00,10.0,0.11,1
2026-03-18T17:37:36.730307+00:00,10.0,0.11,1
2026-03-18T17:37:36.941114+00:00,10.0,0.11,1
2026-03-18T17:37:37.150470+00:00,10.0,0.11,1
2026-03-18T17:37:37.361119+00:00,10.0,0.11,1
2026-03-18T17:37:37.571300+00:00,10.0,0.11,1
2026-03-18T17:37:37.781787+00:00,10.0,0.11,1
2026-03-18T17:37:37.989497+00:00,10.0,0.11,1
2026-03-18T17:37:38.198093+00:00,10.0,0.11,1
2026-03-18T17:37:38.407223+00:00,10.0,0.11,1
2026-03-18T17:37:38.621151+00:00,10.0,0.11,1
2026-03-18T17:37:38.831317+00:00,10.0,0.11,1
2026-03-18T17:37:39.041850+00:00,10.0,0.11,1
2026-03-18T17:37:39.251235+00:00,10.0,0.11,1
2026-03-18T17:37:39.463105+00:00,10.0,0.11,1
2026-03-18T17:37:39.674013+00:00,10.0,0.11,1
2026-03-18T17:37:39.884983+00:00,10.0,0.11,1
2026-03-18T17:37:40.094906+00:00,10.0,0.11,1
2026-03-18T17:37:40.306309+00:00,10.0,0.11,1
2026-03-18T17:37:40.516107+00:00,10.0,0.11,1
2026-03-18T17:37:40.725526+00:00,10.0,0.11,1
2026-03-18T17:37:40.934673+00:00,10.0,0.11,1
2026-03-18T17:37:41.143969+00:00,10.0,0.11,1
2026-03-18T17:37:41.358163+00:00,10.0,0.11,1
2026-03-18T17:37:41.572398+00:00,10.0,0.11,1
2026-03-18T17:37:41.781255+00:00,10.0,0.11,1
2026-03-18T17:37:41.991434+00:00,10.0,0.11,1
2026-03-18T17:37:42.201380+00:00,10.0,0.11,1
2026-03-18T17:37:42.407113+00:00,10.0,0.11,1
2026-03-18T17:37:42.619613+00:00,10.0,0.11,1
2026-03-18T17:37:42.828433+00:00,10.0,0.11,1
2026-03-18T17:37:43.036365+00:00,10.0,0.11,1
2026-03-18T17:37:43.246027+00:00,10.0,0.11,1
2026-03-18T17:37:43.457889+00:00,10.0,0.11,1
2026-03-18T17:37:43.667634+00:00,10.0,0.11,1
2026-03-18T17:37:43.877347+00:00,10.0,0.11,1
2026-03-18T17:37:44.087993+00:00,10.0,0.11,1
2026-03-18T17:37:44.296694+00:00,10.0,0.11,1
2026-03-18T17:37:44.506708+00:00,10.0,0.11,1
2026-03-18T17:37:44.713913+00:00,10.0,0.11,1
2026-03-18T17:37:44.923545+00:00,10.0,0.11,1
2026-03-18T17:37:45.137880+00:00,10.0,0.11,1
2026-03-18T17:37:45.348436+00:00,10.0,0.11,1
2026-03-18T17:37:45.556130+00:00,10.0,0.11,1
2026-03-18T17:37:45.766008+00:00,10.0,0.11,1
2026-03-18T17:37:45.975805+00:00,10.0,0.11,1
2026-03-18T17:37:46.183586+00:00,10.0,0.11,1
2026-03-18T17:37:46.392873+00:00,10.0,0.11,1
2026-03-18T17:37:46.602709+00:00,10.0,0.11,1
2026-03-18T17:37:46.810754+00:00,10.0,0.11,1
2026-03-18T17:37:47.020400+00:00,10.0,0.11,1
2026-03-18T17:37:47.230582+00:00,10.0,0.11,1
2026-03-18T17:37:47.434606+00:00,10.0,0.11,1
2026-03-18T17:37:47.645322+00:00,10.0,0.11,1
2026-03-18T17:37:47.856151+00:00,10.0,0.11,1
2026-03-18T17:37:48.066152+00:00,10.0,0.11,1
2026-03-18T17:37:48.273670+00:00,10.0,0.11,1
2026-03-18T17:37:48.484512+00:00,10.0,0.11,1
2026-03-18T17:37:48.692826+00:00,10.0,0.11,1
2026-03-18T17:37:48.904844+00:00,10.0,0.11,1
2026-03-18T17:37:49.117617+00:00,10.0,0.11,1
2026-03-18T17:37:49.330843+00:00,10.0,0.11,1
2026-03-18T17:37:49.541218+00:00,10.0,0.11,1
2026-03-18T17:37:49.752104+00:00,10.0,0.11,1
2026-03-18T17:37:49.962402+00:00,10.0,0.11,1
2026-03-18T17:37:50.172708+00:00,10.0,0.11,1
2026-03-18T17:37:50.381458+00:00,10.0,0.11,1
2026-03-18T17:37:50.593581+00:00,10.0,0.11,1
2026-03-18T17:37:50.804816+00:00,10.0,0.11,1
2026-03-18T17:37:51.017396+00:00,10.0,0.11,1
2026-03-18T17:37:51.224520+00:00,10.0,0.11,1
2026-03-18T17:37:51.436463+00:00,10.0,0.11,1
2026-03-18T17:37:51.648598+00:00,10.0,0.11,1
2026-03-18T17:37:51.859040+00:00,10.0,0.11,1
2026-03-18T17:37:52.071705+00:00,10.0,0.11,1
2026-03-18T17:37:52.280510+00:00,10.0,0.11,1
2026-03-18T17:37:52.490554+00:00,10.0,0.11,1
2026-03-18T17:37:52.700394+00:00,10.0,0.11,1
2026-03-18T17:37:52.907302+00:00,10.0,0.11,1
2026-03-18T17:37:53.122272+00:00,10.0,0.11,1
2026-03-18T17:37:53.332587+00:00,10.0,0.11,1
2026-03-18T17:37:53.541120+00:00,10.0,0.11,1
2026-03-18T17:37:53.755397+00:00,10.0,0.11,1
2026-03-18T17:37:53.966305+00:00,10.0,0.11,1
2026-03-18T17:37:54.177276+00:00,10.0,0.11,1
2026-03-18T17:37:54.385919+00:00,10.0,0.11,1
2026-03-18T17:37:54.596609+00:00,10.0,0.11,1
2026-03-18T17:37:54.808483+00:00,10.0,0.11,1
2026-03-18T17:37:55.021679+00:00,10.0,0.11,1
2026-03-18T17:37:55.232498+00:00,10.0,0.11,1
2026-03-18T17:37:55.441008+00:00,10.0,0.11,1
2026-03-18T17:37:55.651629+00:00,10.0,0.11,1
2026-03-18T17:37:55.860749+00:00,10.0,0.11,1
2026-03-18T17:37:56.071481+00:00,10.0,0.11,1
2026-03-18T17:37:56.281681+00:00,10.0,0.11,1
2026-03-18T17:37:56.493689+00:00,10.0,0.11,1
2026-03-18T17:37:56.704738+00:00,10.0,0.11,1
2026-03-18T17:37:56.915850+00:00,10.0,0.11,1
2026-03-18T17:37:57.124263+00:00,10.0,0.11,1
2026-03-18T17:37:57.327965+00:00,10.0,0.11,1
2026-03-18T17:37:57.533398+00:00,10.0,0.11,1
2026-03-18T17:37:57.740152+00:00,10.0,0.11,1
2026-03-18T17:37:57.942662+00:00,10.0,0.11,1
2026-03-18T17:37:58.149942+00:00,10.0,0.11,1
2026-03-18T17:37:58.363195+00:00,10.0,0.11,1
2026-03-18T17:37:58.574646+00:00,10.0,0.11,1
2026-03-18T17:37:58.782309+00:00,10.0,0.11,1
2026-03-18T17:37:58.992666+00:00,10.0,0.11,1
2026-03-18T17:37:59.202640+00:00,10.0,0.11,1
2026-03-18T17:37:59.412381+00:00,10.0,0.11,1
2026-03-18T17:37:59.622898+00:00,10.0,0.11,1
2026-03-18T17:37:59.833106+00:00,10.0,0.11,1
2026-03-18T17:38:00.037179+00:00,10.0,0.11,1
2026-03-18T17:38:00.243706+00:00,10.0,0.11,1
2026-03-18T17:38:00.449604+00:00,10.0,0.11,1
2026-03-18T17:38:00.654350+00:00,10.0,0.11,1
2026-03-18T17:38:00.858160+00:00,10.0,0.11,1
2026-03-18T17:38:01.063177+00:00,10.0,0.11,1
2026-03-18T17:38:01.267427+00:00,10.0,0.11,1
2026-03-18T17:38:01.472032+00:00,10.0,0.11,1
2026-03-18T17:38:01.676336+00:00,10.0,0.11,1
2026-03-18T17:38:01.883002+00:00,10.0,0.11,1
2026-03-18T17:38:02.092236+00:00,10.0,0.11,1
2026-03-18T17:38:02.295793+00:00,10.0,0.11,1
2026-03-18T17:38:02.500154+00:00,10.0,0.11,1
2026-03-18T17:38:02.710416+00:00,10.0,0.11,1
2026-03-18T17:38:02.919468+00:00,10.0,0.11,1
2026-03-18T17:38:03.130611+00:00,10.0,0.11,1
2026-03-18T17:38:03.342438+00:00,10.0,0.11,1
2026-03-18T17:38:03.556036+00:00,10.0,0.11,1
2026-03-18T17:38:03.766842+00:00,10.0,0.11,1
2026-03-18T17:38:03.977306+00:00,10.0,0.11,1
2026-03-18T17:38:04.187025+00:00,10.0,0.11,1
2026-03-18T17:38:04.396425+00:00,10.0,0.11,1
2026-03-18T17:38:04.605809+00:00,10.0,0.11,1
2026-03-18T17:38:04.815025+00:00,10.0,0.11,1
2026-03-18T17:38:05.024634+00:00,10.0,0.11,1
2026-03-18T17:38:05.234041+00:00,10.0,0.11,1
2026-03-18T17:38:05.442863+00:00,10.0,0.11,1
2026-03-18T17:38:05.648686+00:00,10.0,0.11,1
2026-03-18T17:38:05.854656+00:00,10.0,0.11,1
2026-03-18T17:38:06.059556+00:00,10.0,0.11,1
2026-03-18T17:38:06.262810+00:00,10.0,0.11,1
2026-03-18T17:38:06.466547+00:00,10.0,0.11,1
2026-03-18T17:38:06.672517+00:00,10.0,0.11,1
2026-03-18T17:38:06.882917+00:00,10.0,0.11,1
2026-03-18T17:38:07.087358+00:00,10.0,0.11,1
2026-03-18T17:38:07.291325+00:00,10.0,0.11,1
2026-03-18T17:38:07.496457+00:00,10.0,0.11,1
2026-03-18T17:38:07.702361+00:00,10.0,0.11,1
2026-03-18T17:38:07.905671+00:00,10.0,8.521,1
2026-03-18T17:38:08.108556+00:00,10.0,5.08,1
2026-03-18T17:38:08.311694+00:00,10.0,3.965,1
2026-03-18T17:38:08.514172+00:00,10.0,3.965,1
2026-03-18T17:38:08.718716+00:00,10.0,3.965,1
2026-03-18T17:38:08.922651+00:00,10.0,3.965,1
2026-03-18T17:38:09.135579+00:00,10.0,3.965,1
2026-03-18T17:38:09.338497+00:00,10.0,3.965,1
2026-03-18T17:38:09.542874+00:00,10.0,3.965,1
2026-03-18T17:38:09.747259+00:00,10.0,3.965,1
2026-03-18T17:38:09.953561+00:00,10.0,3.965,1
2026-03-18T17:38:10.157573+00:00,10.0,3.965,1
2026-03-18T17:38:10.363030+00:00,10.0,3.965,1
2026-03-18T17:38:10.566916+00:00,10.0,3.965,1
2026-03-18T17:38:10.776707+00:00,10.0,3.965,1
