ts_iso,target,rtt_ms
2026-03-18T17:32:43.421486+00:00,192.168.1.85,1.11
2026-03-18T17:32:43.622415+00:00,192.168.1.85,1.41
2026-03-18T17:32:43.822641+00:00,192.168.1.85,1.01
2026-03-18T17:32:44.025299+00:00,192.168.1.85,1.82
2026-03-18T17:32:44.228279+00:00,192.168.1.85,2.3
2026-03-18T17:32:44.427820+00:00,192.168.1.85,0.953
2026-03-18T17:32:44.632696+00:00,192.168.1.85,1.31
2026-03-18T17:32:44.833942+00:00,192.168.1.85,1.29
2026-03-18T17:32:45.035534+00:00,192.168.1.85,1.54
2026-03-18T17:32:45.236610+00:00,192.168.1.85,1.1
2026-03-18T17:32:45.437893+00:00,192.168.1.85,0.878
2026-03-18T17:32:45.640507+00:00,192.168.1.85,1.02
2026-03-18T17:32:45.841162+00:00,192.168.1.85,1.22
2026-03-18T17:32:46.042507+00:00,192.168.1.85,1.02
2026-03-18T17:32:46.243969+00:00,192.168.1.85,1.52
2026-03-18T17:32:46.444722+00:00,192.168.1.85,1.08
2026-03-18T17:32:46.644950+00:00,192.168.1.85,0.886
2026-03-18T17:32:46.848292+00:00,192.168.1.85,0.983
2026-03-18T17:32:47.049261+00:00,192.168.1.85,1.02
2026-03-18T17:32:47.250039+00:00,192.168.1.85,1.38
2026-03-18T17:32:47.452058+00:00,192.168.1.85,1.48
2026-03-18T17:32:47.652477+00:00,192.168.1.85,1.22
2026-03-18T17:32:47.853634+00:00,192.168.1.85,0.78
2026-03-18T17:32:48.056139+00:00,192.168.1.85,0.851
2026-03-18T17:32:48.265001+00:00,192.168.1.85,1.35
2026-03-18T17:32:48.466783+00:00,192.168.1.85,1.24
2026-03-18T17:32:48.670636+00:00,192.168.1.85,1.74
2026-03-18T17:32:48.875050+00:00,192.168.1.85,2.26
2026-03-18T17:32:49.075376+00:00,192.168.1.85,2.05
2026-03-18T17:32:49.275662+00:00,192.168.1.85,1.94
2026-03-18T17:32:49.476613+00:00,192.168.1.85,1.57
2026-03-18T17:32:49.677474+00:00,192.168.1.85,1.5
2026-03-18T17:32:49.877568+00:00,192.168.1.85,0.832
2026-03-18T17:32:50.080300+00:00,192.168.1.85,1.13
2026-03-18T17:32:50.281329+00:00,192.168.1.85,1.49
2026-03-18T17:32:50.482358+00:00,192.168.1.85,1.15
2026-03-18T17:32:50.683420+00:00,192.168.1.85,1.44
2026-03-18T17:32:50.883954+00:00,192.168.1.85,1.15
2026-03-18T17:32:51.085604+00:00,192.168.1.85,1.33
2026-03-18T17:32:51.287995+00:00,192.168.1.85,2.0
2026-03-18T17:32:51.488063+00:00,192.168.1.85,1.38
2026-03-18T17:32:51.691726+00:00,192.168.1.85,1.44
2026-03-18T17:32:51.894126+00:00,192.168.1.85,2.36
2026-03-18T17:32:52.094748+00:00,192.168.1.85,1.36
2026-03-18T17:32:52.298822+00:00,192.168.1.85,1.91
2026-03-18T17:32:52.498842+00:00,192.168.1.85,1.38
2026-03-18T17:32:52.700683+00:00,192.168.1.85,1.54
2026-03-18T17:32:52.903636+00:00,192.168.1.85,1.4
2026-03-18T17:32:53.106822+00:00,192.168.1.85,2.24
2026-03-18T17:32:53.308814+00:00,192.168.1.85,2.41
2026-03-18T17:32:53.510775+00:00,192.168.1.85,2.4
2026-03-18T17:32:53.712080+00:00,192.168.1.85,2.4
2026-03-18T17:32:53.913918+00:00,192.168.1.85,2.41
2026-03-18T17:32:54.114858+00:00,192.168.1.85,2.37
2026-03-18T17:32:54.315817+00:00,192.168.1.85,1.72
2026-03-18T17:32:54.518211+00:00,192.168.1.85,2.24
2026-03-18T17:32:54.720048+00:00,192.168.1.85,2.31
2026-03-18T17:32:54.920339+00:00,192.168.1.85,2.0
2026-03-18T17:32:55.122072+00:00,192.168.1.85,2.39
2026-03-18T17:32:55.322763+00:00,192.168.1.85,2.06
2026-03-18T17:32:55.523055+00:00,192.168.1.85,1.79
2026-03-18T17:32:55.724660+00:00,192.168.1.85,1.94
2026-03-18T17:32:55.925097+00:00,192.168.1.85,1.91
2026-03-18T17:32:56.125771+00:00,192.168.1.85,1.8
2026-03-18T17:32:56.327534+00:00,192.168.1.85,2.08
2026-03-18T17:32:56.529615+00:00,192.168.1.85,2.37
2026-03-18T17:32:56.732032+00:00,192.168.1.85,2.3
2026-03-18T17:32:56.934797+00:00,192.168.1.85,1.85
2026-03-18T17:32:57.137635+00:00,192.168.1.85,2.35
2026-03-18T17:32:57.337660+00:00,192.168.1.85,1.8
2026-03-18T17:32:57.539569+00:00,192.168.1.85,2.37
2026-03-18T17:32:57.740640+00:00,192.168.1.85,2.31
2026-03-18T17:32:57.941909+00:00,192.168.1.85,1.8
2026-03-18T17:32:58.143570+00:00,192.168.1.85,2.16
2026-03-18T17:32:58.347016+00:00,192.168.1.85,1.76
2026-03-18T17:32:58.551272+00:00,192.168.1.85,1.72
2026-03-18T17:32:58.754068+00:00,192.168.1.85,2.26
2026-03-18T17:32:58.958110+00:00,192.168.1.85,2.23
2026-03-18T17:32:59.160153+00:00,192.168.1.85,2.38
2026-03-18T17:32:59.361762+00:00,192.168.1.85,2.08
2026-03-18T17:32:59.563551+00:00,192.168.1.85,2.14
2026-03-18T17:32:59.764836+00:00,192.168.1.85,2.37
2026-03-18T17:32:59.966038+00:00,192.168.1.85,2.25
2026-03-18T17:33:00.165981+00:00,192.168.1.85,1.45
2026-03-18T17:33:00.367439+00:00,192.168.1.85,1.96
2026-03-18T17:33:00.568602+00:00,192.168.1.85,2.08
2026-03-18T17:33:00.771650+00:00,192.168.1.85,1.83
2026-03-18T17:33:00.977150+00:00,192.168.1.85,1.77
2026-03-18T17:33:01.178676+00:00,192.168.1.85,1.72
2026-03-18T17:33:01.380718+00:00,192.168.1.85,1.89
2026-03-18T17:33:01.582291+00:00,192.168.1.85,2.29
2026-03-18T17:33:01.783730+00:00,192.168.1.85,1.66
2026-03-18T17:33:01.986402+00:00,192.168.1.85,2.52
2026-03-18T17:33:02.187486+00:00,192.168.1.85,2.39
2026-03-18T17:33:02.393036+00:00,192.168.1.85,2.14
2026-03-18T17:33:02.593850+00:00,192.168.1.85,2.34
2026-03-18T17:33:02.794857+00:00,192.168.1.85,2.16
2026-03-18T17:33:02.995818+00:00,192.168.1.85,2.32
2026-03-18T17:33:03.197355+00:00,192.168.1.85,2.29
2026-03-18T17:33:03.398246+00:00,192.168.1.85,2.14
2026-03-18T17:33:03.600234+00:00,192.168.1.85,2.24
2026-03-18T17:33:03.801478+00:00,192.168.1.85,2.26
2026-03-18T17:33:04.002370+00:00,192.168.1.85,2.33
2026-03-18T17:33:04.204054+00:00,192.168.1.85,2.36
2026-03-18T17:33:04.405085+00:00,192.168.1.85,2.07
2026-03-18T17:33:04.606669+00:00,192.168.1.85,2.4
2026-03-18T17:33:04.808153+00:00,192.168.1.85,2.43
2026-03-18T17:33:05.009266+00:00,192.168.1.85,2.3
2026-03-18T17:33:05.209895+00:00,192.168.1.85,1.85
2026-03-18T17:33:05.411373+00:00,192.168.1.85,1.96
2026-03-18T17:33:05.611695+00:00,192.168.1.85,1.88
2026-03-18T17:33:05.813236+00:00,192.168.1.85,1.91
2026-03-18T17:33:06.014114+00:00,192.168.1.85,1.39
2026-03-18T17:33:06.216756+00:00,192.168.1.85,2.25
2026-03-18T17:33:06.417754+00:00,192.168.1.85,2.26
2026-03-18T17:33:06.619813+00:00,192.168.1.85,2.3
2026-03-18T17:33:06.820361+00:00,192.168.1.85,1.92
2026-03-18T17:33:07.021729+00:00,192.168.1.85,2.43
2026-03-18T17:33:07.227515+00:00,192.168.1.85,2.32
2026-03-18T17:33:07.429797+00:00,192.168.1.85,2.46
2026-03-18T17:33:07.631295+00:00,192.168.1.85,2.24
2026-03-18T17:33:07.832367+00:00,192.168.1.85,2.29
2026-03-18T17:33:08.036913+00:00,192.168.1.85,2.39
2026-03-18T17:33:08.240634+00:00,192.168.1.85,1.86
2026-03-18T17:33:08.445273+00:00,192.168.1.85,2.43
2026-03-18T17:33:08.646146+00:00,192.168.1.85,2.24
2026-03-18T17:33:08.846751+00:00,192.168.1.85,1.42
2026-03-18T17:33:09.047578+00:00,192.168.1.85,1.14
2026-03-18T17:33:09.249906+00:00,192.168.1.85,1.63
2026-03-18T17:33:09.452042+00:00,192.168.1.85,1.77
2026-03-18T17:33:09.652867+00:00,192.168.1.85,1.53
2026-03-18T17:33:09.853982+00:00,192.168.1.85,1.37
2026-03-18T17:33:10.054607+00:00,192.168.1.85,1.26
2026-03-18T17:33:10.255299+00:00,192.168.1.85,1.21
2026-03-18T17:33:10.456054+00:00,192.168.1.85,1.42
2026-03-18T17:33:10.656310+00:00,192.168.1.85,1.22
2026-03-18T17:33:10.857827+00:00,192.168.1.85,1.82
2026-03-18T17:33:11.058615+00:00,192.168.1.85,1.36
2026-03-18T17:33:11.259309+00:00,192.168.1.85,1.28
2026-03-18T17:33:11.460010+00:00,192.168.1.85,1.33
2026-03-18T17:33:11.660533+00:00,192.168.1.85,1.26
2026-03-18T17:33:11.860914+00:00,192.168.1.85,1.15
2026-03-18T17:33:12.061340+00:00,192.168.1.85,1.25
2026-03-18T17:33:12.261948+00:00,192.168.1.85,1.38
2026-03-18T17:33:12.462900+00:00,192.168.1.85,1.39
2026-03-18T17:33:12.665694+00:00,192.168.1.85,2.46
2026-03-18T17:33:12.867351+00:00,192.168.1.85,2.52
2026-03-18T17:33:13.068777+00:00,192.168.1.85,2.38
2026-03-18T17:33:13.270236+00:00,192.168.1.85,2.0
2026-03-18T17:33:13.471124+00:00,192.168.1.85,2.23
2026-03-18T17:33:13.672191+00:00,192.168.1.85,2.31
2026-03-18T17:33:13.873645+00:00,192.168.1.85,1.82
2026-03-18T17:33:14.074836+00:00,192.168.1.85,2.23
2026-03-18T17:33:14.278379+00:00,192.168.1.85,2.72
2026-03-18T17:33:14.477693+00:00,192.168.1.85,1.89
2026-03-18T17:33:14.678467+00:00,192.168.1.85,1.78
2026-03-18T17:33:14.880290+00:00,192.168.1.85,2.22
2026-03-18T17:33:15.081775+00:00,192.168.1.85,2.46
2026-03-18T17:33:15.281800+00:00,192.168.1.85,1.52
2026-03-18T17:33:15.485062+00:00,192.168.1.85,2.51
2026-03-18T17:33:15.687249+00:00,192.168.1.85,2.32
2026-03-18T17:33:15.889782+00:00,192.168.1.85,2.33
2026-03-18T17:33:16.132799+00:00,192.168.1.85,43.9
2026-03-18T17:33:16.328205+00:00,192.168.1.85,38.7
2026-03-18T17:33:16.536414+00:00,192.168.1.85,45.9
2026-03-18T17:33:16.735491+00:00,192.168.1.85,44.5
2026-03-18T17:33:16.939033+00:00,192.168.1.85,47.4
2026-03-18T17:33:17.141065+00:00,192.168.1.85,48.8
2026-03-18T17:33:17.342784+00:00,192.168.1.85,49.0
2026-03-18T17:33:17.546079+00:00,192.168.1.85,50.1
2026-03-18T17:33:17.732317+00:00,192.168.1.85,35.7
2026-03-18T17:33:17.943024+00:00,192.168.1.85,45.2
2026-03-18T17:33:18.136339+00:00,192.168.1.85,37.9
2026-03-18T17:33:18.331819+00:00,192.168.1.85,32.9
2026-03-18T17:33:18.533786+00:00,192.168.1.85,32.9
2026-03-18T17:33:18.750735+00:00,192.168.1.85,49.5
2026-03-18T17:33:18.943004+00:00,192.168.1.85,41.5
2026-03-18T17:33:19.154213+00:00,192.168.1.85,51.7
2026-03-18T17:33:19.350716+00:00,192.168.1.85,47.0
2026-03-18T17:33:19.549096+00:00,192.168.1.85,44.7
2026-03-18T17:33:19.755583+00:00,192.168.1.85,48.0
2026-03-18T17:33:19.941340+00:00,192.168.1.85,34.3
2026-03-18T17:33:20.157567+00:00,192.168.1.85,48.7
2026-03-18T17:33:20.351232+00:00,192.168.1.85,37.1
2026-03-18T17:33:20.554759+00:00,192.168.1.85,40.0
2026-03-18T17:33:20.759354+00:00,192.168.1.85,39.7
2026-03-18T17:33:20.964432+00:00,192.168.1.85,41.5
2026-03-18T17:33:21.157689+00:00,192.168.1.85,34.0
2026-03-18T17:33:21.371780+00:00,192.168.1.85,47.0
2026-03-18T17:33:21.571219+00:00,192.168.1.85,46.0
2026-03-18T17:33:21.761418+00:00,192.168.1.85,35.8
2026-03-18T17:33:21.960259+00:00,192.168.1.85,34.4
2026-03-18T17:33:22.160861+00:00,192.168.1.85,33.4
2026-03-18T17:33:22.364484+00:00,192.168.1.85,35.4
2026-03-18T17:33:22.578781+00:00,192.168.1.85,48.0
2026-03-18T17:33:22.770541+00:00,192.168.1.85,38.7
2026-03-18T17:33:22.989500+00:00,192.168.1.85,51.6
2026-03-18T17:33:23.177992+00:00,192.168.1.85,38.2
2026-03-18T17:33:23.379615+00:00,192.168.1.85,37.1
2026-03-18T17:33:23.577407+00:00,192.168.1.85,33.6
2026-03-18T17:33:23.790643+00:00,192.168.1.85,44.2
2026-03-18T17:33:23.997466+00:00,192.168.1.85,46.0
2026-03-18T17:33:24.204742+00:00,192.168.1.85,48.0
2026-03-18T17:33:24.409606+00:00,192.168.1.85,52.1
2026-03-18T17:33:24.604786+00:00,192.168.1.85,46.2
2026-03-18T17:33:24.803062+00:00,192.168.1.85,38.8
2026-03-18T17:33:25.002296+00:00,192.168.1.85,34.7
2026-03-18T17:33:25.221039+00:00,192.168.1.85,47.7
2026-03-18T17:33:25.430310+00:00,192.168.1.85,55.7
2026-03-18T17:33:25.620711+00:00,192.168.1.85,41.0
2026-03-18T17:33:25.823141+00:00,192.168.1.85,42.7
2026-03-18T17:33:26.035574+00:00,192.168.1.85,50.5
2026-03-18T17:33:26.236258+00:00,192.168.1.85,46.6
2026-03-18T17:33:26.429610+00:00,192.168.1.85,37.7
2026-03-18T17:33:26.641380+00:00,192.168.1.85,48.3
2026-03-18T17:33:26.845473+00:00,192.168.1.85,49.2
2026-03-18T17:33:27.029222+00:00,192.168.1.85,32.3
2026-03-18T17:33:27.241278+00:00,192.168.1.85,43.8
2026-03-18T17:33:27.435002+00:00,192.168.1.85,36.3
2026-03-18T17:33:27.646624+00:00,192.168.1.85,46.4
2026-03-18T17:33:27.855841+00:00,192.168.1.85,53.9
2026-03-18T17:33:28.050306+00:00,192.168.1.85,46.7
2026-03-18T17:33:28.241217+00:00,192.168.1.85,36.6
2026-03-18T17:33:28.455714+00:00,192.168.1.85,48.0
2026-03-18T17:33:28.644878+00:00,192.168.1.85,36.4
2026-03-18T17:33:28.859664+00:00,192.168.1.85,50.2
2026-03-18T17:33:29.050991+00:00,192.168.1.85,37.7
2026-03-18T17:33:29.249056+00:00,192.168.1.85,34.5
2026-03-18T17:33:29.454811+00:00,192.168.1.85,35.6
2026-03-18T17:33:29.655480+00:00,192.168.1.85,35.3
2026-03-18T17:33:29.864441+00:00,192.168.1.85,42.8
2026-03-18T17:33:30.054911+00:00,192.168.1.85,32.1
2026-03-18T17:33:30.263621+00:00,192.168.1.85,39.8
2026-03-18T17:33:30.466334+00:00,192.168.1.85,40.8
2026-03-18T17:33:30.672818+00:00,192.168.1.85,46.6
2026-03-18T17:33:30.871201+00:00,192.168.1.85,43.0
2026-03-18T17:33:31.067257+00:00,192.168.1.85,38.1
2026-03-18T17:33:31.266428+00:00,192.168.1.85,35.8
2026-03-18T17:33:31.473356+00:00,192.168.1.85,42.1
2026-03-18T17:33:31.677180+00:00,192.168.1.85,44.1
2026-03-18T17:33:31.871793+00:00,192.168.1.85,38.0
2026-03-18T17:33:32.083770+00:00,192.168.1.85,48.8
2026-03-18T17:33:32.277090+00:00,192.168.1.85,41.0
2026-03-18T17:33:32.472704+00:00,192.168.1.85,35.8
2026-03-18T17:33:32.680110+00:00,192.168.1.85,41.7
2026-03-18T17:33:32.892327+00:00,192.168.1.85,50.7
2026-03-18T17:33:33.077802+00:00,192.168.1.85,34.3
2026-03-18T17:33:33.279575+00:00,192.168.1.85,34.7
2026-03-18T17:33:33.494771+00:00,192.168.1.85,48.4
2026-03-18T17:33:33.695576+00:00,192.168.1.85,47.6
2026-03-18T17:33:33.894242+00:00,192.168.1.85,44.7
2026-03-18T17:33:34.088212+00:00,192.168.1.85,35.9
2026-03-18T17:33:34.299852+00:00,192.168.1.85,43.2
2026-03-18T17:33:34.491160+00:00,192.168.1.85,33.6
2026-03-18T17:33:34.701084+00:00,192.168.1.85,41.4
2026-03-18T17:33:34.905271+00:00,192.168.1.85,39.7
2026-03-18T17:33:35.101309+00:00,192.168.1.85,34.4
2026-03-18T17:33:35.302526+00:00,192.168.1.85,32.8
2026-03-18T17:33:35.520076+00:00,192.168.1.85,45.2
2026-03-18T17:33:35.711099+00:00,192.168.1.85,35.1
2026-03-18T17:33:35.919412+00:00,192.168.1.85,39.7
2026-03-18T17:33:36.124825+00:00,192.168.1.85,41.6
2026-03-18T17:33:36.336205+00:00,192.168.1.85,50.4
2026-03-18T17:33:36.522007+00:00,192.168.1.85,34.5
2026-03-18T17:33:36.730047+00:00,192.168.1.85,41.3
2026-03-18T17:33:36.941102+00:00,192.168.1.85,51.9
2026-03-18T17:33:37.137067+00:00,192.168.1.85,46.6
2026-03-18T17:33:37.334589+00:00,192.168.1.85,38.9
2026-03-18T17:33:37.542779+00:00,192.168.1.85,46.5
2026-03-18T17:33:37.731823+00:00,192.168.1.85,33.3
2026-03-18T17:33:37.943067+00:00,192.168.1.85,44.3
2026-03-18T17:33:38.137852+00:00,192.168.1.85,37.8
2026-03-18T17:33:38.350608+00:00,192.168.1.85,49.0
2026-03-18T17:33:38.547627+00:00,192.168.1.85,45.2
2026-03-18T17:33:38.746881+00:00,192.168.1.85,43.6
2026-03-18T17:33:38.942741+00:00,192.168.1.85,38.6
2026-03-18T17:33:39.157643+00:00,192.168.1.85,52.3
2026-03-18T17:33:39.346659+00:00,192.168.1.85,40.2
2026-03-18T17:33:39.554500+00:00,192.168.1.85,45.4
2026-03-18T17:33:39.760053+00:00,192.168.1.85,50.1
2026-03-18T17:33:39.961776+00:00,192.168.1.85,51.5
2026-03-18T17:33:40.154410+00:00,192.168.1.85,42.7
2026-03-18T17:33:40.353499+00:00,192.168.1.85,40.2
2026-03-18T17:33:40.547729+00:00,192.168.1.85,33.5
2026-03-18T17:33:40.750779+00:00,192.168.1.85,35.5
2026-03-18T17:33:40.959423+00:00,192.168.1.85,43.8
2026-03-18T17:33:41.151678+00:00,192.168.1.85,34.8
2026-03-18T17:33:41.355364+00:00,192.168.1.85,36.8
2026-03-18T17:33:41.557258+00:00,192.168.1.85,36.5
2026-03-18T17:33:41.763575+00:00,192.168.1.85,41.5
2026-03-18T17:33:41.972043+00:00,192.168.1.85,49.2
2026-03-18T17:33:42.166766+00:00,192.168.1.85,42.5
2026-03-18T17:33:42.357285+00:00,192.168.1.85,31.7
2026-03-18T17:33:42.560557+00:00,192.168.1.85,34.0
2026-03-18T17:33:42.773720+00:00,192.168.1.85,46.9
2026-03-18T17:33:42.964216+00:00,192.168.1.85,35.8
2026-03-18T17:33:43.163384+00:00,192.168.1.85,33.9
2026-03-18T17:33:43.366222+00:00,192.168.1.85,35.4
2026-03-18T17:33:43.574135+00:00,192.168.1.85,42.3
2026-03-18T17:33:43.768182+00:00,192.168.1.85,35.4
2026-03-18T17:33:43.972545+00:00,192.168.1.85,38.9
2026-03-18T17:33:44.187752+00:00,192.168.1.85,51.6
2026-03-18T17:33:44.389213+00:00,192.168.1.85,51.7
2026-03-18T17:33:44.588725+00:00,192.168.1.85,49.9
2026-03-18T17:33:44.780866+00:00,192.168.1.85,40.5
2026-03-18T17:33:44.983871+00:00,192.168.1.85,41.7
2026-03-18T17:33:45.195752+00:00,192.168.1.85,51.4
2026-03-18T17:33:45.389615+00:00,192.168.1.85,43.8
2026-03-18T17:33:45.597212+00:00,192.168.1.85,50.3
2026-03-18T17:33:45.792056+00:00,192.168.1.85,41.9
2026-03-18T17:33:45.996723+00:00,192.168.1.85,41.3
2026-03-18T17:33:46.193478+00:00,192.168.1.85,36.1
2026-03-18T17:33:46.395476+00:00,192.168.1.85,36.7
2026-03-18T17:33:46.613750+00:00,192.168.1.85,54.6
2026-03-18T17:33:46.804211+00:00,192.168.1.85,44.1
2026-03-18T17:33:47.015700+00:00,192.168.1.85,54.8
2026-03-18T17:33:47.204141+00:00,192.168.1.85,41.7
2026-03-18T17:33:47.414508+00:00,192.168.1.85,46.4
2026-03-18T17:33:47.608524+00:00,192.168.1.85,39.7
2026-03-18T17:33:47.816284+00:00,192.168.1.85,45.5
2026-03-18T17:33:48.023073+00:00,192.168.1.85,49.5
2026-03-18T17:33:48.219214+00:00,192.168.1.85,44.7
2026-03-18T17:33:48.410637+00:00,192.168.1.85,35.2
2026-03-18T17:33:48.614505+00:00,192.168.1.85,38.2
2026-03-18T17:33:48.813265+00:00,192.168.1.85,36.3
2026-03-18T17:33:49.012347+00:00,192.168.1.85,32.6
2026-03-18T17:33:49.228560+00:00,192.168.1.85,47.9
2026-03-18T17:33:49.431902+00:00,192.168.1.85,49.5
2026-03-18T17:33:49.632834+00:00,192.168.1.85,49.5
2026-03-18T17:33:49.820272+00:00,192.168.1.85,35.8
2026-03-18T17:33:50.037555+00:00,192.168.1.85,51.5
2026-03-18T17:33:50.239554+00:00,192.168.1.85,52.2
2026-03-18T17:33:50.432625+00:00,192.168.1.85,43.9
2026-03-18T17:33:50.635325+00:00,192.168.1.85,45.2
2026-03-18T17:33:50.843633+00:00,192.168.1.85,52.2
2026-03-18T17:33:51.033811+00:00,192.168.1.85,41.3
2026-03-18T17:33:51.240581+00:00,192.168.1.85,47.2
2026-03-18T17:33:51.428841+00:00,192.168.1.85,34.1
2026-03-18T17:33:51.647118+00:00,192.168.1.85,50.7
2026-03-18T17:33:51.838760+00:00,192.168.1.85,40.4
2026-03-18T17:33:52.035539+00:00,192.168.1.85,36.1
2026-03-18T17:33:52.234612+00:00,192.168.1.85,33.4
2026-03-18T17:33:52.447529+00:00,192.168.1.85,45.2
2026-03-18T17:33:52.643803+00:00,192.168.1.85,39.4
2026-03-18T17:33:52.857170+00:00,192.168.1.85,51.6
2026-03-18T17:33:53.053279+00:00,192.168.1.85,46.8
2026-03-18T17:33:53.258687+00:00,192.168.1.85,50.2
2026-03-18T17:33:53.444054+00:00,192.168.1.85,34.5
2026-03-18T17:33:53.660813+00:00,192.168.1.85,50.2
2026-03-18T17:33:53.846440+00:00,192.168.1.85,35.4
2026-03-18T17:33:54.058321+00:00,192.168.1.85,45.3
2026-03-18T17:33:54.220276+00:00,192.168.1.85,1.54
2026-03-18T17:33:54.422480+00:00,192.168.1.85,2.4
2026-03-18T17:33:54.623049+00:00,192.168.1.85,1.69
2026-03-18T17:33:54.825182+00:00,192.168.1.85,2.34
2026-03-18T17:33:55.027369+00:00,192.168.1.85,2.37
2026-03-18T17:33:55.231756+00:00,192.168.1.85,2.22
2026-03-18T17:33:55.433145+00:00,192.168.1.85,2.28
2026-03-18T17:33:55.638101+00:00,192.168.1.85,2.38
2026-03-18T17:33:55.840074+00:00,192.168.1.85,2.35
2026-03-18T17:33:56.042025+00:00,192.168.1.85,2.29
2026-03-18T17:33:56.242621+00:00,192.168.1.85,2.22
2026-03-18T17:33:56.444256+00:00,192.168.1.85,2.33
2026-03-18T17:33:56.646371+00:00,192.168.1.85,2.4
2026-03-18T17:33:56.847899+00:00,192.168.1.85,2.4
2026-03-18T17:33:57.046981+00:00,192.168.1.85,0.878
2026-03-18T17:33:57.256530+00:00,192.168.1.85,1.02
2026-03-18T17:33:57.457738+00:00,192.168.1.85,1.15
2026-03-18T17:33:57.661361+00:00,192.168.1.85,1.06
2026-03-18T17:33:57.862527+00:00,192.168.1.85,1.5
2026-03-18T17:33:58.064289+00:00,192.168.1.85,2.06
2026-03-18T17:33:58.264624+00:00,192.168.1.85,1.87
2026-03-18T17:33:58.464985+00:00,192.168.1.85,1.72
2026-03-18T17:33:58.666285+00:00,192.168.1.85,1.86
2026-03-18T17:33:58.867495+00:00,192.168.1.85,1.95
2026-03-18T17:33:59.068552+00:00,192.168.1.85,2.32
2026-03-18T17:33:59.270508+00:00,192.168.1.85,2.25
2026-03-18T17:33:59.474892+00:00,192.168.1.85,2.37
2026-03-18T17:33:59.676224+00:00,192.168.1.85,2.28
2026-03-18T17:33:59.877032+00:00,192.168.1.85,2.15
2026-03-18T17:34:00.079007+00:00,192.168.1.85,1.09
2026-03-18T17:34:00.285033+00:00,192.168.1.85,2.41
2026-03-18T17:34:00.486247+00:00,192.168.1.85,2.22
2026-03-18T17:34:00.688101+00:00,192.168.1.85,2.15
2026-03-18T17:34:00.894016+00:00,192.168.1.85,2.27
2026-03-18T17:34:01.095170+00:00,192.168.1.85,2.28
2026-03-18T17:34:01.295427+00:00,192.168.1.85,1.68
2026-03-18T17:34:01.502125+00:00,192.168.1.85,2.4
2026-03-18T17:34:01.703437+00:00,192.168.1.85,2.39
2026-03-18T17:34:01.903358+00:00,192.168.1.85,1.37
2026-03-18T17:34:02.103693+00:00,192.168.1.85,1.14
2026-03-18T17:34:02.309292+00:00,192.168.1.85,1.3
2026-03-18T17:34:02.511057+00:00,192.168.1.85,1.68
2026-03-18T17:34:02.713044+00:00,192.168.1.85,2.19
2026-03-18T17:34:02.914042+00:00,192.168.1.85,2.22
2026-03-18T17:34:03.115440+00:00,192.168.1.85,1.93
2026-03-18T17:34:03.315855+00:00,192.168.1.85,1.89
2026-03-18T17:34:03.517283+00:00,192.168.1.85,1.94
2026-03-18T17:34:03.717646+00:00,192.168.1.85,1.7
2026-03-18T17:34:03.919631+00:00,192.168.1.85,2.17
2026-03-18T17:34:04.121689+00:00,192.168.1.85,2.36
2026-03-18T17:34:04.323062+00:00,192.168.1.85,1.85
2026-03-18T17:34:04.525826+00:00,192.168.1.85,2.35
2026-03-18T17:34:04.727674+00:00,192.168.1.85,2.3
2026-03-18T17:34:04.927062+00:00,192.168.1.85,1.74
2026-03-18T17:34:05.131578+00:00,192.168.1.85,2.11
2026-03-18T17:34:05.332759+00:00,192.168.1.85,2.33
2026-03-18T17:34:05.534650+00:00,192.168.1.85,2.24
2026-03-18T17:34:05.735854+00:00,192.168.1.85,2.49
2026-03-18T17:34:05.936858+00:00,192.168.1.85,2.23
2026-03-18T17:34:06.138582+00:00,192.168.1.85,2.58
2026-03-18T17:34:06.339494+00:00,192.168.1.85,2.42
2026-03-18T17:34:06.540599+00:00,192.168.1.85,2.34
2026-03-18T17:34:06.742067+00:00,192.168.1.85,1.99
2026-03-18T17:34:06.944008+00:00,192.168.1.85,2.29
2026-03-18T17:34:07.145295+00:00,192.168.1.85,2.33
2026-03-18T17:34:07.345793+00:00,192.168.1.85,1.95
2026-03-18T17:34:07.546705+00:00,192.168.1.85,2.35
2026-03-18T17:34:07.747032+00:00,192.168.1.85,1.87
2026-03-18T17:34:07.948132+00:00,192.168.1.85,1.84
2026-03-18T17:34:08.149425+00:00,192.168.1.85,1.94
2026-03-18T17:34:08.349608+00:00,192.168.1.85,1.83
2026-03-18T17:34:08.551152+00:00,192.168.1.85,1.97
2026-03-18T17:34:08.753439+00:00,192.168.1.85,2.54
2026-03-18T17:34:08.955165+00:00,192.168.1.85,2.29
2026-03-18T17:34:09.157225+00:00,192.168.1.85,2.32
2026-03-18T17:34:09.362690+00:00,192.168.1.85,2.08
2026-03-18T17:34:09.564443+00:00,192.168.1.85,2.02
2026-03-18T17:34:09.766293+00:00,192.168.1.85,2.2
2026-03-18T17:34:09.969343+00:00,192.168.1.85,2.1
2026-03-18T17:34:10.170150+00:00,192.168.1.85,2.2
2026-03-18T17:34:10.370989+00:00,192.168.1.85,2.08
2026-03-18T17:34:10.576171+00:00,192.168.1.85,2.41
2026-03-18T17:34:10.781818+00:00,192.168.1.85,2.17
2026-03-18T17:34:10.985996+00:00,192.168.1.85,2.23
2026-03-18T17:34:11.190905+00:00,192.168.1.85,2.24
2026-03-18T17:34:11.392807+00:00,192.168.1.85,2.49
2026-03-18T17:34:11.596529+00:00,192.168.1.85,2.31
2026-03-18T17:34:11.797804+00:00,192.168.1.85,2.49
2026-03-18T17:34:11.998209+00:00,192.168.1.85,1.97
2026-03-18T17:34:12.199884+00:00,192.168.1.85,1.15
2026-03-18T17:34:12.403899+00:00,192.168.1.85,0.886
2026-03-18T17:34:12.608174+00:00,192.168.1.85,1.12
2026-03-18T17:34:12.809627+00:00,192.168.1.85,1.24
2026-03-18T17:34:13.013044+00:00,192.168.1.85,2.62
2026-03-18T17:34:13.213705+00:00,192.168.1.85,1.74
2026-03-18T17:34:13.415555+00:00,192.168.1.85,2.14
2026-03-18T17:34:13.615994+00:00,192.168.1.85,1.88
2026-03-18T17:34:13.816340+00:00,192.168.1.85,1.83
2026-03-18T17:34:14.017780+00:00,192.168.1.85,1.95
2026-03-18T17:34:14.217902+00:00,192.168.1.85,1.68
2026-03-18T17:34:14.419228+00:00,192.168.1.85,1.81
2026-03-18T17:34:14.620623+00:00,192.168.1.85,1.83
2026-03-18T17:34:14.823260+00:00,192.168.1.85,2.1
2026-03-18T17:34:15.024465+00:00,192.168.1.85,2.13
2026-03-18T17:34:15.228110+00:00,192.168.1.85,1.84
2026-03-18T17:34:15.431894+00:00,192.168.1.85,2.29
2026-03-18T17:34:15.633843+00:00,192.168.1.85,2.28
2026-03-18T17:34:15.833822+00:00,192.168.1.85,1.58
2026-03-18T17:34:16.036498+00:00,192.168.1.85,2.32
2026-03-18T17:34:16.238256+00:00,192.168.1.85,2.34
2026-03-18T17:34:16.439215+00:00,192.168.1.85,1.78
2026-03-18T17:34:16.640623+00:00,192.168.1.85,2.34
2026-03-18T17:34:16.845251+00:00,192.168.1.85,1.45
2026-03-18T17:34:17.046561+00:00,192.168.1.85,1.78
2026-03-18T17:34:17.246973+00:00,192.168.1.85,1.24
2026-03-18T17:34:17.447879+00:00,192.168.1.85,1.37
2026-03-18T17:34:17.651106+00:00,192.168.1.85,1.73
2026-03-18T17:34:17.852168+00:00,192.168.1.85,1.65
2026-03-18T17:34:18.053792+00:00,192.168.1.85,1.62
2026-03-18T17:34:18.255211+00:00,192.168.1.85,1.82
2026-03-18T17:34:18.457877+00:00,192.168.1.85,2.56
2026-03-18T17:34:18.657871+00:00,192.168.1.85,1.34
2026-03-18T17:34:18.859074+00:00,192.168.1.85,1.74
2026-03-18T17:34:19.060826+00:00,192.168.1.85,1.98
2026-03-18T17:34:19.261249+00:00,192.168.1.85,1.55
2026-03-18T17:34:19.463614+00:00,192.168.1.85,2.06
2026-03-18T17:34:19.663229+00:00,192.168.1.85,1.3
2026-03-18T17:34:19.865588+00:00,192.168.1.85,2.17
2026-03-18T17:34:20.065760+00:00,192.168.1.85,1.87
2026-03-18T17:34:20.267751+00:00,192.168.1.85,2.34
2026-03-18T17:34:20.469104+00:00,192.168.1.85,1.93
2026-03-18T17:34:20.670739+00:00,192.168.1.85,2.33
2026-03-18T17:34:20.872447+00:00,192.168.1.85,2.26
2026-03-18T17:34:21.072871+00:00,192.168.1.85,1.89
2026-03-18T17:34:21.273987+00:00,192.168.1.85,2.31
2026-03-18T17:34:21.474729+00:00,192.168.1.85,1.71
2026-03-18T17:34:21.675639+00:00,192.168.1.85,1.38
2026-03-18T17:34:21.878077+00:00,192.168.1.85,2.47
2026-03-18T17:34:22.079510+00:00,192.168.1.85,2.55
2026-03-18T17:34:22.282444+00:00,192.168.1.85,2.43
2026-03-18T17:34:22.482993+00:00,192.168.1.85,2.18
2026-03-18T17:34:22.683738+00:00,192.168.1.85,2.2
2026-03-18T17:34:22.884791+00:00,192.168.1.85,2.29
2026-03-18T17:34:23.084876+00:00,192.168.1.85,1.2
2026-03-18T17:34:23.286375+00:00,192.168.1.85,1.6
2026-03-18T17:34:23.487622+00:00,192.168.1.85,1.5
2026-03-18T17:34:23.688919+00:00,192.168.1.85,1.46
2026-03-18T17:34:23.891224+00:00,192.168.1.85,2.3
2026-03-18T17:34:24.091745+00:00,192.168.1.85,1.46
2026-03-18T17:34:24.295669+00:00,192.168.1.85,1.35
2026-03-18T17:34:24.497425+00:00,192.168.1.85,1.86
2026-03-18T17:34:24.699027+00:00,192.168.1.85,1.25
2026-03-18T17:34:24.900473+00:00,192.168.1.85,2.01
2026-03-18T17:34:25.100827+00:00,192.168.1.85,1.08
2026-03-18T17:34:25.302288+00:00,192.168.1.85,1.13
2026-03-18T17:34:25.504088+00:00,192.168.1.85,1.71
2026-03-18T17:34:25.706805+00:00,192.168.1.85,2.27
2026-03-18T17:34:25.907485+00:00,192.168.1.85,2.01
2026-03-18T17:34:26.109015+00:00,192.168.1.85,2.54
2026-03-18T17:34:26.309688+00:00,192.168.1.85,2.16
2026-03-18T17:34:26.510808+00:00,192.168.1.85,2.52
2026-03-18T17:34:26.712118+00:00,192.168.1.85,2.61
2026-03-18T17:34:26.917030+00:00,192.168.1.85,2.16
2026-03-18T17:34:27.116506+00:00,192.168.1.85,0.851
2026-03-18T17:34:27.320542+00:00,192.168.1.85,1.36
2026-03-18T17:34:27.520806+00:00,192.168.1.85,0.966
2026-03-18T17:34:27.722084+00:00,192.168.1.85,1.52
2026-03-18T17:34:27.923909+00:00,192.168.1.85,1.33
2026-03-18T17:34:28.127258+00:00,192.168.1.85,2.42
2026-03-18T17:34:28.329628+00:00,192.168.1.85,2.53
2026-03-18T17:34:28.530041+00:00,192.168.1.85,1.97
2026-03-18T17:34:28.733247+00:00,192.168.1.85,2.12
2026-03-18T17:34:28.934417+00:00,192.168.1.85,1.99
2026-03-18T17:34:29.139723+00:00,192.168.1.85,2.26
2026-03-18T17:34:29.344464+00:00,192.168.1.85,2.01
2026-03-18T17:34:29.547576+00:00,192.168.1.85,2.21
2026-03-18T17:34:29.752791+00:00,192.168.1.85,1.9
2026-03-18T17:34:29.956765+00:00,192.168.1.85,2.39
2026-03-18T17:34:30.157012+00:00,192.168.1.85,1.89
2026-03-18T17:34:30.357978+00:00,192.168.1.85,1.14
2026-03-18T17:34:30.559666+00:00,192.168.1.85,1.36
2026-03-18T17:34:30.761091+00:00,192.168.1.85,2.12
2026-03-18T17:34:30.961657+00:00,192.168.1.85,1.93
2026-03-18T17:34:31.162230+00:00,192.168.1.85,1.87
2026-03-18T17:34:31.364567+00:00,192.168.1.85,2.45
2026-03-18T17:34:31.567692+00:00,192.168.1.85,2.38
2026-03-18T17:34:31.771340+00:00,192.168.1.85,2.4
2026-03-18T17:34:31.974354+00:00,192.168.1.85,2.25
2026-03-18T17:34:32.176007+00:00,192.168.1.85,0.988
2026-03-18T17:34:32.376571+00:00,192.168.1.85,1.3
2026-03-18T17:34:32.577610+00:00,192.168.1.85,1.53
2026-03-18T17:34:32.779074+00:00,192.168.1.85,2.01
2026-03-18T17:34:32.979729+00:00,192.168.1.85,1.99
2026-03-18T17:34:33.180873+00:00,192.168.1.85,2.29
2026-03-18T17:34:33.381691+00:00,192.168.1.85,2.26
2026-03-18T17:34:33.582285+00:00,192.168.1.85,1.84
2026-03-18T17:34:33.784579+00:00,192.168.1.85,2.04
2026-03-18T17:34:33.985830+00:00,192.168.1.85,2.25
2026-03-18T17:34:34.186058+00:00,192.168.1.85,1.8
2026-03-18T17:34:34.387742+00:00,192.168.1.85,2.16
2026-03-18T17:34:34.591661+00:00,192.168.1.85,2.34
2026-03-18T17:34:34.792517+00:00,192.168.1.85,1.83
2026-03-18T17:34:34.994631+00:00,192.168.1.85,2.38
2026-03-18T17:34:35.195802+00:00,192.168.1.85,2.34
2026-03-18T17:34:35.397049+00:00,192.168.1.85,1.85
2026-03-18T17:34:35.598710+00:00,192.168.1.85,2.12
2026-03-18T17:34:35.799540+00:00,192.168.1.85,1.96
2026-03-18T17:34:36.000042+00:00,192.168.1.85,1.79
2026-03-18T17:34:36.201241+00:00,192.168.1.85,1.8
2026-03-18T17:34:36.402435+00:00,192.168.1.85,1.74
2026-03-18T17:34:36.603858+00:00,192.168.1.85,1.85
2026-03-18T17:34:36.808434+00:00,192.168.1.85,2.23
2026-03-18T17:34:37.009575+00:00,192.168.1.85,2.28
2026-03-18T17:34:37.212104+00:00,192.168.1.85,2.07
2026-03-18T17:34:37.413196+00:00,192.168.1.85,2.08
2026-03-18T17:34:37.614345+00:00,192.168.1.85,2.31
2026-03-18T17:34:37.816269+00:00,192.168.1.85,2.24
2026-03-18T17:34:38.017309+00:00,192.168.1.85,2.23
2026-03-18T17:34:38.218337+00:00,192.168.1.85,2.47
2026-03-18T17:34:38.421687+00:00,192.168.1.85,2.27
2026-03-18T17:34:38.622622+00:00,192.168.1.85,2.21
2026-03-18T17:34:38.824687+00:00,192.168.1.85,2.32
2026-03-18T17:34:39.025223+00:00,192.168.1.85,1.44
2026-03-18T17:34:39.228327+00:00,192.168.1.85,1.91
2026-03-18T17:34:39.429474+00:00,192.168.1.85,2.58
2026-03-18T17:34:39.631109+00:00,192.168.1.85,2.12
2026-03-18T17:34:39.832043+00:00,192.168.1.85,2.32
2026-03-18T17:34:40.032915+00:00,192.168.1.85,2.36
2026-03-18T17:34:40.233355+00:00,192.168.1.85,1.88
2026-03-18T17:34:40.433064+00:00,192.168.1.85,1.52
2026-03-18T17:34:40.634375+00:00,192.168.1.85,1.93
2026-03-18T17:34:40.835401+00:00,192.168.1.85,1.76
2026-03-18T17:34:41.036581+00:00,192.168.1.85,1.91
2026-03-18T17:34:41.237666+00:00,192.168.1.85,2.4
2026-03-18T17:34:41.438648+00:00,192.168.1.85,2.38
2026-03-18T17:34:41.639830+00:00,192.168.1.85,2.36
2026-03-18T17:34:41.844792+00:00,192.168.1.85,2.38
2026-03-18T17:34:42.044666+00:00,192.168.1.85,1.65
2026-03-18T17:34:42.246554+00:00,192.168.1.85,1.37
2026-03-18T17:34:42.446974+00:00,192.168.1.85,1.16
2026-03-18T17:34:42.648809+00:00,192.168.1.85,1.38
2026-03-18T17:34:42.849955+00:00,192.168.1.85,1.18
2026-03-18T17:34:43.053063+00:00,192.168.1.85,2.18
2026-03-18T17:34:43.254084+00:00,192.168.1.85,1.89
2026-03-18T17:34:43.455593+00:00,192.168.1.85,2.1
2026-03-18T17:34:43.660800+00:00,192.168.1.85,2.1
2026-03-18T17:34:43.861163+00:00,192.168.1.85,1.85
2026-03-18T17:34:44.063126+00:00,192.168.1.85,1.53
2026-03-18T17:34:44.265509+00:00,192.168.1.85,2.22
2026-03-18T17:34:44.466381+00:00,192.168.1.85,1.99
2026-03-18T17:34:44.672061+00:00,192.168.1.85,2.18
2026-03-18T17:34:44.872675+00:00,192.168.1.85,1.79
2026-03-18T17:34:45.075343+00:00,192.168.1.85,2.07
2026-03-18T17:34:45.278352+00:00,192.168.1.85,1.88
2026-03-18T17:34:45.479773+00:00,192.168.1.85,2.26
2026-03-18T17:34:45.680180+00:00,192.168.1.85,1.92
2026-03-18T17:34:45.880336+00:00,192.168.1.85,1.87
2026-03-18T17:34:46.080582+00:00,192.168.1.85,1.8
2026-03-18T17:34:46.281727+00:00,192.168.1.85,1.74
2026-03-18T17:34:46.483217+00:00,192.168.1.85,1.99
2026-03-18T17:34:46.684221+00:00,192.168.1.85,2.18
2026-03-18T17:34:46.888071+00:00,192.168.1.85,2.41
2026-03-18T17:34:47.088678+00:00,192.168.1.85,2.32
2026-03-18T17:34:47.288812+00:00,192.168.1.85,1.23
2026-03-18T17:34:47.491659+00:00,192.168.1.85,1.9
2026-03-18T17:34:47.693072+00:00,192.168.1.85,1.78
2026-03-18T17:34:47.895676+00:00,192.168.1.85,2.27
2026-03-18T17:34:48.096524+00:00,192.168.1.85,2.08
2026-03-18T17:34:48.297523+00:00,192.168.1.85,2.4
2026-03-18T17:34:48.498796+00:00,192.168.1.85,2.2
2026-03-18T17:34:48.701303+00:00,192.168.1.85,1.99
2026-03-18T17:34:48.903032+00:00,192.168.1.85,2.36
2026-03-18T17:34:49.104095+00:00,192.168.1.85,2.04
2026-03-18T17:34:49.305182+00:00,192.168.1.85,2.25
2026-03-18T17:34:49.508013+00:00,192.168.1.85,2.13
2026-03-18T17:34:49.709096+00:00,192.168.1.85,2.31
2026-03-18T17:34:49.908638+00:00,192.168.1.85,1.08
2026-03-18T17:34:50.110418+00:00,192.168.1.85,1.31
2026-03-18T17:34:50.312652+00:00,192.168.1.85,2.39
2026-03-18T17:34:50.513276+00:00,192.168.1.85,2.0
2026-03-18T17:34:50.715288+00:00,192.168.1.85,2.29
2026-03-18T17:34:50.915973+00:00,192.168.1.85,1.99
2026-03-18T17:34:51.116433+00:00,192.168.1.85,1.75
2026-03-18T17:34:51.318292+00:00,192.168.1.85,1.9
2026-03-18T17:34:51.518583+00:00,192.168.1.85,1.9
2026-03-18T17:34:51.719440+00:00,192.168.1.85,2.17
2026-03-18T17:34:51.920602+00:00,192.168.1.85,2.15
2026-03-18T17:34:52.122078+00:00,192.168.1.85,2.33
2026-03-18T17:34:52.324189+00:00,192.168.1.85,1.91
2026-03-18T17:34:52.524827+00:00,192.168.1.85,2.03
2026-03-18T17:34:52.726275+00:00,192.168.1.85,2.25
2026-03-18T17:34:52.929797+00:00,192.168.1.85,2.13
2026-03-18T17:34:53.131338+00:00,192.168.1.85,2.06
2026-03-18T17:34:53.334899+00:00,192.168.1.85,2.03
2026-03-18T17:34:53.535473+00:00,192.168.1.85,1.78
2026-03-18T17:34:53.738214+00:00,192.168.1.85,2.16
2026-03-18T17:34:53.944069+00:00,192.168.1.85,2.34
2026-03-18T17:34:54.147678+00:00,192.168.1.85,2.23
2026-03-18T17:34:54.349788+00:00,192.168.1.85,2.51
2026-03-18T17:34:54.550719+00:00,192.168.1.85,2.26
2026-03-18T17:34:54.751749+00:00,192.168.1.85,2.27
2026-03-18T17:34:54.952831+00:00,192.168.1.85,2.31
2026-03-18T17:34:55.158717+00:00,192.168.1.85,2.37
2026-03-18T17:34:55.359504+00:00,192.168.1.85,2.23
2026-03-18T17:34:55.562779+00:00,192.168.1.85,2.36
2026-03-18T17:34:55.764463+00:00,192.168.1.85,2.43
2026-03-18T17:34:55.967164+00:00,192.168.1.85,1.93
2026-03-18T17:34:56.166880+00:00,192.168.1.85,1.32
2026-03-18T17:34:56.367593+00:00,192.168.1.85,1.22
2026-03-18T17:34:56.568309+00:00,192.168.1.85,1.21
2026-03-18T17:34:56.769815+00:00,192.168.1.85,1.48
2026-03-18T17:34:56.971820+00:00,192.168.1.85,1.72
2026-03-18T17:34:57.171887+00:00,192.168.1.85,0.862
2026-03-18T17:34:57.377411+00:00,192.168.1.85,1.17
2026-03-18T17:34:57.577674+00:00,192.168.1.85,0.995
2026-03-18T17:34:57.778212+00:00,192.168.1.85,1.16
2026-03-18T17:34:57.980091+00:00,192.168.1.85,1.62
2026-03-18T17:34:58.180602+00:00,192.168.1.85,1.12
2026-03-18T17:34:58.382020+00:00,192.168.1.85,1.58
2026-03-18T17:34:58.583000+00:00,192.168.1.85,1.42
2026-03-18T17:34:58.785228+00:00,192.168.1.85,1.86
2026-03-18T17:34:58.986021+00:00,192.168.1.85,1.79
2026-03-18T17:34:59.188358+00:00,192.168.1.85,2.31
2026-03-18T17:34:59.389436+00:00,192.168.1.85,2.43
2026-03-18T17:34:59.590873+00:00,192.168.1.85,2.12
2026-03-18T17:34:59.792632+00:00,192.168.1.85,2.36
2026-03-18T17:34:59.993650+00:00,192.168.1.85,2.43
2026-03-18T17:35:00.194721+00:00,192.168.1.85,2.21
2026-03-18T17:35:00.396116+00:00,192.168.1.85,2.36
2026-03-18T17:35:00.596659+00:00,192.168.1.85,1.77
2026-03-18T17:35:00.802299+00:00,192.168.1.85,1.94
2026-03-18T17:35:01.003055+00:00,192.168.1.85,2.12
2026-03-18T17:35:01.202886+00:00,192.168.1.85,1.37
2026-03-18T17:35:01.404329+00:00,192.168.1.85,1.57
2026-03-18T17:35:01.606754+00:00,192.168.1.85,1.83
2026-03-18T17:35:01.808554+00:00,192.168.1.85,2.23
2026-03-18T17:35:02.008792+00:00,192.168.1.85,1.81
2026-03-18T17:35:02.209428+00:00,192.168.1.85,1.16
2026-03-18T17:35:02.411745+00:00,192.168.1.85,2.43
2026-03-18T17:35:02.611757+00:00,192.168.1.85,1.64
2026-03-18T17:35:02.814573+00:00,192.168.1.85,2.22
2026-03-18T17:35:03.015148+00:00,192.168.1.85,2.19
2026-03-18T17:35:03.215642+00:00,192.168.1.85,1.9
2026-03-18T17:35:03.416884+00:00,192.168.1.85,2.17
2026-03-18T17:35:03.618287+00:00,192.168.1.85,2.23
2026-03-18T17:35:03.819532+00:00,192.168.1.85,2.23
2026-03-18T17:35:04.020399+00:00,192.168.1.85,2.27
2026-03-18T17:35:04.221070+00:00,192.168.1.85,1.71
2026-03-18T17:35:04.425915+00:00,192.168.1.85,2.35
2026-03-18T17:35:04.631325+00:00,192.168.1.85,1.87
2026-03-18T17:35:04.833555+00:00,192.168.1.85,1.82
2026-03-18T17:35:05.037627+00:00,192.168.1.85,2.22
2026-03-18T17:35:05.238559+00:00,192.168.1.85,2.28
2026-03-18T17:35:05.439343+00:00,192.168.1.85,1.8
2026-03-18T17:35:05.640603+00:00,192.168.1.85,1.58
2026-03-18T17:35:05.842430+00:00,192.168.1.85,1.57
2026-03-18T17:35:06.046707+00:00,192.168.1.85,1.95
2026-03-18T17:35:06.247607+00:00,192.168.1.85,1.73
2026-03-18T17:35:06.449260+00:00,192.168.1.85,1.9
2026-03-18T17:35:06.650570+00:00,192.168.1.85,2.1
2026-03-18T17:35:06.851049+00:00,192.168.1.85,2.0
2026-03-18T17:35:07.052556+00:00,192.168.1.85,2.24
2026-03-18T17:35:07.253588+00:00,192.168.1.85,2.18
2026-03-18T17:35:07.452897+00:00,192.168.1.85,1.1
2026-03-18T17:35:07.653300+00:00,192.168.1.85,1.09
2026-03-18T17:35:07.854390+00:00,192.168.1.85,1.1
2026-03-18T17:35:08.057453+00:00,192.168.1.85,2.34
2026-03-18T17:35:08.258087+00:00,192.168.1.85,1.84
2026-03-18T17:35:08.458012+00:00,192.168.1.85,0.96
2026-03-18T17:35:08.658241+00:00,192.168.1.85,0.982
2026-03-18T17:35:08.858391+00:00,192.168.1.85,0.923
2026-03-18T17:35:09.064160+00:00,192.168.1.85,1.1
2026-03-18T17:35:09.264767+00:00,192.168.1.85,1.11
2026-03-18T17:35:09.465643+00:00,192.168.1.85,0.95
2026-03-18T17:35:09.673546+00:00,192.168.1.85,2.01
2026-03-18T17:35:09.875332+00:00,192.168.1.85,2.43
2026-03-18T17:35:10.076497+00:00,192.168.1.85,2.43
2026-03-18T17:35:10.278246+00:00,192.168.1.85,2.33
2026-03-18T17:35:10.479163+00:00,192.168.1.85,2.27
2026-03-18T17:35:10.680614+00:00,192.168.1.85,2.39
2026-03-18T17:35:10.882592+00:00,192.168.1.85,2.42
2026-03-18T17:35:11.086723+00:00,192.168.1.85,2.34
2026-03-18T17:35:11.287451+00:00,192.168.1.85,2.4
2026-03-18T17:35:11.489035+00:00,192.168.1.85,2.36
2026-03-18T17:35:11.690044+00:00,192.168.1.85,2.32
2026-03-18T17:35:11.891235+00:00,192.168.1.85,2.0
2026-03-18T17:35:12.090357+00:00,192.168.1.85,0.943
2026-03-18T17:35:12.297225+00:00,192.168.1.85,1.42
2026-03-18T17:35:12.498053+00:00,192.168.1.85,1.03
2026-03-18T17:35:12.699157+00:00,192.168.1.85,1.56
2026-03-18T17:35:12.900780+00:00,192.168.1.85,1.24
2026-03-18T17:35:13.102830+00:00,192.168.1.85,2.06
2026-03-18T17:35:13.303169+00:00,192.168.1.85,1.79
2026-03-18T17:35:13.504203+00:00,192.168.1.85,1.79
2026-03-18T17:35:13.705915+00:00,192.168.1.85,2.27
2026-03-18T17:35:13.907049+00:00,192.168.1.85,2.27
2026-03-18T17:35:14.107870+00:00,192.168.1.85,2.09
2026-03-18T17:35:14.308961+00:00,192.168.1.85,1.61
2026-03-18T17:35:14.511441+00:00,192.168.1.85,2.04
2026-03-18T17:35:14.712916+00:00,192.168.1.85,1.99
2026-03-18T17:35:14.914389+00:00,192.168.1.85,2.29
2026-03-18T17:35:15.115182+00:00,192.168.1.85,2.33
2026-03-18T17:35:15.314967+00:00,192.168.1.85,1.13
2026-03-18T17:35:15.516335+00:00,192.168.1.85,1.26
2026-03-18T17:35:15.718873+00:00,192.168.1.85,2.26
2026-03-18T17:35:15.919159+00:00,192.168.1.85,1.88
2026-03-18T17:35:16.120646+00:00,192.168.1.85,2.29
2026-03-18T17:35:16.325055+00:00,192.168.1.85,2.43
2026-03-18T17:35:16.526620+00:00,192.168.1.85,2.25
2026-03-18T17:35:16.728493+00:00,192.168.1.85,2.3
2026-03-18T17:35:16.929519+00:00,192.168.1.85,2.27
2026-03-18T17:35:17.128964+00:00,192.168.1.85,1.25
2026-03-18T17:35:17.330167+00:00,192.168.1.85,1.1
2026-03-18T17:35:17.532892+00:00,192.168.1.85,1.95
2026-03-18T17:35:17.733677+00:00,192.168.1.85,1.73
2026-03-18T17:35:17.936688+00:00,192.168.1.85,1.84
2026-03-18T17:35:18.138056+00:00,192.168.1.85,1.92
2026-03-18T17:35:18.339392+00:00,192.168.1.85,1.95
2026-03-18T17:35:18.539636+00:00,192.168.1.85,1.76
2026-03-18T17:35:18.743605+00:00,192.168.1.85,2.14
2026-03-18T17:35:18.944989+00:00,192.168.1.85,2.23
2026-03-18T17:35:19.146053+00:00,192.168.1.85,2.29
2026-03-18T17:35:19.351394+00:00,192.168.1.85,2.15
2026-03-18T17:35:19.556573+00:00,192.168.1.85,2.33
2026-03-18T17:35:19.759261+00:00,192.168.1.85,2.18
2026-03-18T17:35:19.960846+00:00,192.168.1.85,2.28
2026-03-18T17:35:20.161515+00:00,192.168.1.85,2.1
2026-03-18T17:35:20.367239+00:00,192.168.1.85,2.18
2026-03-18T17:35:20.568999+00:00,192.168.1.85,2.32
2026-03-18T17:35:20.770839+00:00,192.168.1.85,2.34
2026-03-18T17:35:20.971649+00:00,192.168.1.85,2.26
2026-03-18T17:35:21.173664+00:00,192.168.1.85,2.24
2026-03-18T17:35:21.374228+00:00,192.168.1.85,2.02
2026-03-18T17:35:21.575624+00:00,192.168.1.85,2.25
2026-03-18T17:35:21.777313+00:00,192.168.1.85,2.35
2026-03-18T17:35:21.978324+00:00,192.168.1.85,2.6
2026-03-18T17:35:22.179801+00:00,192.168.1.85,2.45
2026-03-18T17:35:22.381670+00:00,192.168.1.85,2.42
2026-03-18T17:35:22.582671+00:00,192.168.1.85,1.9
2026-03-18T17:35:22.783497+00:00,192.168.1.85,1.83
2026-03-18T17:35:22.985766+00:00,192.168.1.85,2.06
2026-03-18T17:35:23.186489+00:00,192.168.1.85,2.06
2026-03-18T17:35:23.387439+00:00,192.168.1.85,2.01
2026-03-18T17:35:23.588850+00:00,192.168.1.85,2.04
2026-03-18T17:35:23.789422+00:00,192.168.1.85,1.98
2026-03-18T17:35:23.991345+00:00,192.168.1.85,2.34
2026-03-18T17:35:24.192241+00:00,192.168.1.85,2.34
2026-03-18T17:35:24.394566+00:00,192.168.1.85,2.54
2026-03-18T17:35:24.595641+00:00,192.168.1.85,2.01
2026-03-18T17:35:24.796638+00:00,192.168.1.85,2.17
2026-03-18T17:35:24.998018+00:00,192.168.1.85,2.27
2026-03-18T17:35:25.199850+00:00,192.168.1.85,2.29
2026-03-18T17:35:25.400867+00:00,192.168.1.85,2.36
2026-03-18T17:35:25.602369+00:00,192.168.1.85,2.35
2026-03-18T17:35:25.803247+00:00,192.168.1.85,2.41
2026-03-18T17:35:26.004811+00:00,192.168.1.85,2.35
2026-03-18T17:35:26.205431+00:00,192.168.1.85,2.19
2026-03-18T17:35:26.406373+00:00,192.168.1.85,1.92
2026-03-18T17:35:26.607600+00:00,192.168.1.85,2.13
2026-03-18T17:35:26.808314+00:00,192.168.1.85,1.94
2026-03-18T17:35:27.008131+00:00,192.168.1.85,1.23
2026-03-18T17:35:27.209256+00:00,192.168.1.85,1.02
2026-03-18T17:35:27.410112+00:00,192.168.1.85,0.91
2026-03-18T17:35:27.616205+00:00,192.168.1.85,1.13
2026-03-18T17:35:27.816649+00:00,192.168.1.85,1.22
2026-03-18T17:35:28.017251+00:00,192.168.1.85,1.1
2026-03-18T17:35:28.219060+00:00,192.168.1.85,1.73
2026-03-18T17:35:28.420257+00:00,192.168.1.85,1.86
2026-03-18T17:35:28.622040+00:00,192.168.1.85,2.03
2026-03-18T17:35:28.821808+00:00,192.168.1.85,1.5
2026-03-18T17:35:29.023434+00:00,192.168.1.85,2.01
2026-03-18T17:35:29.224996+00:00,192.168.1.85,1.88
2026-03-18T17:35:29.426690+00:00,192.168.1.85,2.38
2026-03-18T17:35:29.627504+00:00,192.168.1.85,2.34
2026-03-18T17:35:29.831229+00:00,192.168.1.85,2.14
2026-03-18T17:35:30.032150+00:00,192.168.1.85,2.31
2026-03-18T17:35:30.233379+00:00,192.168.1.85,2.33
2026-03-18T17:35:30.434786+00:00,192.168.1.85,2.25
2026-03-18T17:35:30.636263+00:00,192.168.1.85,2.54
2026-03-18T17:35:30.837608+00:00,192.168.1.85,2.32
2026-03-18T17:35:31.039061+00:00,192.168.1.85,2.36
2026-03-18T17:35:31.240049+00:00,192.168.1.85,2.45
2026-03-18T17:35:31.443474+00:00,192.168.1.85,2.28
2026-03-18T17:35:31.647623+00:00,192.168.1.85,2.36
2026-03-18T17:35:31.849259+00:00,192.168.1.85,2.42
2026-03-18T17:35:32.049426+00:00,192.168.1.85,1.64
2026-03-18T17:35:32.249835+00:00,192.168.1.85,1.09
2026-03-18T17:35:32.451812+00:00,192.168.1.85,1.53
2026-03-18T17:35:32.653588+00:00,192.168.1.85,1.63
2026-03-18T17:35:32.855584+00:00,192.168.1.85,2.29
2026-03-18T17:35:33.058196+00:00,192.168.1.85,2.47
2026-03-18T17:35:33.259893+00:00,192.168.1.85,2.38
2026-03-18T17:35:33.461767+00:00,192.168.1.85,2.43
2026-03-18T17:35:33.662399+00:00,192.168.1.85,2.05
2026-03-18T17:35:33.862653+00:00,192.168.1.85,1.83
2026-03-18T17:35:34.064103+00:00,192.168.1.85,1.87
2026-03-18T17:35:34.264297+00:00,192.168.1.85,1.89
2026-03-18T17:35:34.464756+00:00,192.168.1.85,2.07
2026-03-18T17:35:34.666671+00:00,192.168.1.85,2.32
2026-03-18T17:35:34.868384+00:00,192.168.1.85,2.33
2026-03-18T17:35:35.069498+00:00,192.168.1.85,2.32
2026-03-18T17:35:35.270031+00:00,192.168.1.85,1.95
2026-03-18T17:35:35.470514+00:00,192.168.1.85,2.05
2026-03-18T17:35:35.671567+00:00,192.168.1.85,2.38
2026-03-18T17:35:35.872865+00:00,192.168.1.85,2.26
2026-03-18T17:35:36.076449+00:00,192.168.1.85,2.37
2026-03-18T17:35:36.280520+00:00,192.168.1.85,2.29
2026-03-18T17:35:36.482145+00:00,192.168.1.85,2.06
2026-03-18T17:35:36.683326+00:00,192.168.1.85,2.34
2026-03-18T17:35:36.884781+00:00,192.168.1.85,2.49
2026-03-18T17:35:37.085659+00:00,192.168.1.85,2.29
2026-03-18T17:35:37.291686+00:00,192.168.1.85,2.42
2026-03-18T17:35:37.492764+00:00,192.168.1.85,2.31
2026-03-18T17:35:37.693665+00:00,192.168.1.85,2.1
2026-03-18T17:35:37.894208+00:00,192.168.1.85,2.0
2026-03-18T17:35:38.095848+00:00,192.168.1.85,2.2
2026-03-18T17:35:38.296772+00:00,192.168.1.85,2.3
2026-03-18T17:35:38.498679+00:00,192.168.1.85,2.34
2026-03-18T17:35:38.699378+00:00,192.168.1.85,1.92
2026-03-18T17:35:38.899307+00:00,192.168.1.85,1.27
2026-03-18T17:35:39.100538+00:00,192.168.1.85,1.44
2026-03-18T17:35:39.301978+00:00,192.168.1.85,1.52
2026-03-18T17:35:39.503612+00:00,192.168.1.85,2.09
2026-03-18T17:35:39.704050+00:00,192.168.1.85,1.81
2026-03-18T17:35:39.905807+00:00,192.168.1.85,2.32
2026-03-18T17:35:40.106532+00:00,192.168.1.85,2.06
2026-03-18T17:35:40.307308+00:00,192.168.1.85,1.67
2026-03-18T17:35:40.510074+00:00,192.168.1.85,2.66
2026-03-18T17:35:40.712035+00:00,192.168.1.85,1.91
2026-03-18T17:35:40.912816+00:00,192.168.1.85,1.83
2026-03-18T17:35:41.115760+00:00,192.168.1.85,2.24
2026-03-18T17:35:41.317415+00:00,192.168.1.85,2.3
2026-03-18T17:35:41.519423+00:00,192.168.1.85,2.29
2026-03-18T17:35:41.720837+00:00,192.168.1.85,2.02
2026-03-18T17:35:41.922745+00:00,192.168.1.85,2.4
2026-03-18T17:35:42.125019+00:00,192.168.1.85,1.61
2026-03-18T17:35:42.324550+00:00,192.168.1.85,1.24
2026-03-18T17:35:42.525133+00:00,192.168.1.85,1.14
2026-03-18T17:35:42.725508+00:00,192.168.1.85,1.1
2026-03-18T17:35:42.930782+00:00,192.168.1.85,0.943
2026-03-18T17:35:43.137288+00:00,192.168.1.85,1.76
2026-03-18T17:35:43.338769+00:00,192.168.1.85,2.03
2026-03-18T17:35:43.544377+00:00,192.168.1.85,2.14
2026-03-18T17:35:43.745980+00:00,192.168.1.85,2.35
2026-03-18T17:35:43.947903+00:00,192.168.1.85,2.22
2026-03-18T17:35:44.152509+00:00,192.168.1.85,1.8
2026-03-18T17:35:44.359119+00:00,192.168.1.85,2.01
2026-03-18T17:35:44.559781+00:00,192.168.1.85,1.64
2026-03-18T17:35:44.761311+00:00,192.168.1.85,1.79
2026-03-18T17:35:44.962562+00:00,192.168.1.85,1.85
2026-03-18T17:35:45.163513+00:00,192.168.1.85,1.74
2026-03-18T17:35:45.365248+00:00,192.168.1.85,1.78
2026-03-18T17:35:45.569747+00:00,192.168.1.85,2.49
2026-03-18T17:35:45.771073+00:00,192.168.1.85,2.17
2026-03-18T17:35:45.972502+00:00,192.168.1.85,2.24
2026-03-18T17:35:46.173492+00:00,192.168.1.85,2.32
2026-03-18T17:35:46.376507+00:00,192.168.1.85,2.23
2026-03-18T17:35:46.577467+00:00,192.168.1.85,2.01
2026-03-18T17:35:46.778021+00:00,192.168.1.85,2.03
2026-03-18T17:35:46.981271+00:00,192.168.1.85,2.08
2026-03-18T17:35:47.180572+00:00,192.168.1.85,1.05
2026-03-18T17:35:47.381737+00:00,192.168.1.85,1.27
2026-03-18T17:35:47.583550+00:00,192.168.1.85,2.18
2026-03-18T17:35:47.784028+00:00,192.168.1.85,1.66
2026-03-18T17:35:47.989716+00:00,192.168.1.85,2.48
2026-03-18T17:35:48.192801+00:00,192.168.1.85,2.38
2026-03-18T17:35:48.393813+00:00,192.168.1.85,2.33
2026-03-18T17:35:48.594428+00:00,192.168.1.85,2.12
2026-03-18T17:35:48.796071+00:00,192.168.1.85,2.36
2026-03-18T17:35:48.997016+00:00,192.168.1.85,2.03
2026-03-18T17:35:49.197359+00:00,192.168.1.85,1.91
2026-03-18T17:35:49.398428+00:00,192.168.1.85,2.07
2026-03-18T17:35:49.598041+00:00,192.168.1.85,1.04
2026-03-18T17:35:49.798638+00:00,192.168.1.85,1.13
2026-03-18T17:35:50.000035+00:00,192.168.1.85,1.86
2026-03-18T17:35:50.201234+00:00,192.168.1.85,1.82
2026-03-18T17:35:50.403248+00:00,192.168.1.85,2.17
2026-03-18T17:35:50.605319+00:00,192.168.1.85,2.37
2026-03-18T17:35:50.806618+00:00,192.168.1.85,2.36
2026-03-18T17:35:51.008713+00:00,192.168.1.85,2.32
2026-03-18T17:35:51.209885+00:00,192.168.1.85,2.32
2026-03-18T17:35:51.411577+00:00,192.168.1.85,2.33
2026-03-18T17:35:51.613358+00:00,192.168.1.85,2.18
2026-03-18T17:35:51.814748+00:00,192.168.1.85,2.55
2026-03-18T17:35:52.016794+00:00,192.168.1.85,2.36
2026-03-18T17:35:52.217626+00:00,192.168.1.85,2.33
2026-03-18T17:35:52.419634+00:00,192.168.1.85,2.27
2026-03-18T17:35:52.620734+00:00,192.168.1.85,2.34
2026-03-18T17:35:52.822902+00:00,192.168.1.85,2.55
2026-03-18T17:35:53.024323+00:00,192.168.1.85,2.22
2026-03-18T17:35:53.225479+00:00,192.168.1.85,2.33
2026-03-18T17:35:53.427209+00:00,192.168.1.85,2.3
2026-03-18T17:35:53.628458+00:00,192.168.1.85,2.36
2026-03-18T17:35:53.829864+00:00,192.168.1.85,2.38
2026-03-18T17:35:54.031030+00:00,192.168.1.85,2.27
2026-03-18T17:35:54.232085+00:00,192.168.1.85,1.76
2026-03-18T17:35:54.434005+00:00,192.168.1.85,2.09
2026-03-18T17:35:54.635021+00:00,192.168.1.85,1.64
2026-03-18T17:35:54.837571+00:00,192.168.1.85,1.93
2026-03-18T17:35:55.038084+00:00,192.168.1.85,1.73
2026-03-18T17:35:55.239488+00:00,192.168.1.85,1.88
2026-03-18T17:35:55.441078+00:00,192.168.1.85,2.09
2026-03-18T17:35:55.645605+00:00,192.168.1.85,2.23
2026-03-18T17:35:55.850001+00:00,192.168.1.85,1.72
2026-03-18T17:35:56.056366+00:00,192.168.1.85,2.4
2026-03-18T17:35:56.256544+00:00,192.168.1.85,1.71
2026-03-18T17:35:56.458822+00:00,192.168.1.85,2.56
2026-03-18T17:35:56.664430+00:00,192.168.1.85,2.37
2026-03-18T17:35:56.868084+00:00,192.168.1.85,1.71
2026-03-18T17:35:57.070507+00:00,192.168.1.85,2.43
2026-03-18T17:35:57.270301+00:00,192.168.1.85,1.03
2026-03-18T17:35:57.470646+00:00,192.168.1.85,1.06
2026-03-18T17:35:57.671952+00:00,192.168.1.85,1.36
2026-03-18T17:35:57.873638+00:00,192.168.1.85,2.08
2026-03-18T17:35:58.073138+00:00,192.168.1.85,1.29
2026-03-18T17:35:58.274001+00:00,192.168.1.85,1.01
2026-03-18T17:35:58.474428+00:00,192.168.1.85,1.04
2026-03-18T17:35:58.674712+00:00,192.168.1.85,1.08
2026-03-18T17:35:58.876314+00:00,192.168.1.85,1.31
2026-03-18T17:35:59.077551+00:00,192.168.1.85,1.1
2026-03-18T17:35:59.278619+00:00,192.168.1.85,0.989
2026-03-18T17:35:59.479696+00:00,192.168.1.85,1.52
2026-03-18T17:35:59.681421+00:00,192.168.1.85,1.74
2026-03-18T17:35:59.883445+00:00,192.168.1.85,2.31
2026-03-18T17:36:00.085186+00:00,192.168.1.85,1.19
2026-03-18T17:36:00.286816+00:00,192.168.1.85,1.36
2026-03-18T17:36:00.488450+00:00,192.168.1.85,1.59
2026-03-18T17:36:00.690096+00:00,192.168.1.85,1.25
2026-03-18T17:36:00.891596+00:00,192.168.1.85,1.82
2026-03-18T17:36:01.093131+00:00,192.168.1.85,1.97
2026-03-18T17:36:01.296284+00:00,192.168.1.85,1.91
2026-03-18T17:36:01.497428+00:00,192.168.1.85,1.98
2026-03-18T17:36:01.698541+00:00,192.168.1.85,2.11
2026-03-18T17:36:01.899627+00:00,192.168.1.85,1.64
2026-03-18T17:36:02.102074+00:00,192.168.1.85,2.22
2026-03-18T17:36:02.301555+00:00,192.168.1.85,1.15
2026-03-18T17:36:02.503493+00:00,192.168.1.85,2.32
2026-03-18T17:36:02.703060+00:00,192.168.1.85,1.31
2026-03-18T17:36:02.904128+00:00,192.168.1.85,1.36
2026-03-18T17:36:03.105466+00:00,192.168.1.85,1.53
2026-03-18T17:36:03.306801+00:00,192.168.1.85,1.23
2026-03-18T17:36:03.508503+00:00,192.168.1.85,1.36
2026-03-18T17:36:03.709565+00:00,192.168.1.85,1.33
2026-03-18T17:36:03.911420+00:00,192.168.1.85,1.64
2026-03-18T17:36:04.113008+00:00,192.168.1.85,1.88
2026-03-18T17:36:04.315339+00:00,192.168.1.85,2.33
2026-03-18T17:36:04.517915+00:00,192.168.1.85,2.32
2026-03-18T17:36:04.719093+00:00,192.168.1.85,1.92
2026-03-18T17:36:04.920665+00:00,192.168.1.85,2.33
2026-03-18T17:36:05.121664+00:00,192.168.1.85,2.32
2026-03-18T17:36:05.321881+00:00,192.168.1.85,1.81
2026-03-18T17:36:05.524367+00:00,192.168.1.85,2.26
2026-03-18T17:36:05.728337+00:00,192.168.1.85,2.38
2026-03-18T17:36:05.931834+00:00,192.168.1.85,1.75
2026-03-18T17:36:06.133785+00:00,192.168.1.85,1.99
2026-03-18T17:36:06.335064+00:00,192.168.1.85,2.21
2026-03-18T17:36:06.535458+00:00,192.168.1.85,1.79
2026-03-18T17:36:06.736873+00:00,192.168.1.85,1.93
2026-03-18T17:36:06.937184+00:00,192.168.1.85,1.9
2026-03-18T17:36:07.137618+00:00,192.168.1.85,1.79
2026-03-18T17:36:07.340116+00:00,192.168.1.85,2.27
2026-03-18T17:36:07.541204+00:00,192.168.1.85,2.24
2026-03-18T17:36:07.742917+00:00,192.168.1.85,1.78
2026-03-18T17:36:07.945833+00:00,192.168.1.85,2.33
2026-03-18T17:36:08.147289+00:00,192.168.1.85,2.27
2026-03-18T17:36:08.348002+00:00,192.168.1.85,1.75
2026-03-18T17:36:08.550060+00:00,192.168.1.85,2.36
2026-03-18T17:36:08.751646+00:00,192.168.1.85,2.22
2026-03-18T17:36:08.953092+00:00,192.168.1.85,2.01
2026-03-18T17:36:09.154783+00:00,192.168.1.85,2.36
2026-03-18T17:36:09.356113+00:00,192.168.1.85,2.35
2026-03-18T17:36:09.556458+00:00,192.168.1.85,1.68
2026-03-18T17:36:09.758483+00:00,192.168.1.85,2.12
2026-03-18T17:36:09.959327+00:00,192.168.1.85,2.37
2026-03-18T17:36:10.160153+00:00,192.168.1.85,1.85
2026-03-18T17:36:10.363187+00:00,192.168.1.85,2.0
2026-03-18T17:36:10.564177+00:00,192.168.1.85,2.25
2026-03-18T17:36:10.765136+00:00,192.168.1.85,1.78
2026-03-18T17:36:10.967476+00:00,192.168.1.85,1.96
2026-03-18T17:36:11.167840+00:00,192.168.1.85,1.88
2026-03-18T17:36:11.368270+00:00,192.168.1.85,1.77
2026-03-18T17:36:11.570251+00:00,192.168.1.85,1.83
2026-03-18T17:36:11.772437+00:00,192.168.1.85,1.99
2026-03-18T17:36:11.973304+00:00,192.168.1.85,2.26
2026-03-18T17:36:12.172615+00:00,192.168.1.85,1.14
2026-03-18T17:36:12.373605+00:00,192.168.1.85,1.26
2026-03-18T17:36:12.573794+00:00,192.168.1.85,0.966
2026-03-18T17:36:12.777091+00:00,192.168.1.85,1.56
2026-03-18T17:36:12.977568+00:00,192.168.1.85,1.21
2026-03-18T17:36:13.183263+00:00,192.168.1.85,2.44
2026-03-18T17:36:13.384052+00:00,192.168.1.85,2.11
2026-03-18T17:36:13.585236+00:00,192.168.1.85,2.38
2026-03-18T17:36:13.791121+00:00,192.168.1.85,2.27
2026-03-18T17:36:13.992890+00:00,192.168.1.85,2.2
2026-03-18T17:36:14.192707+00:00,192.168.1.85,1.44
2026-03-18T17:36:14.394574+00:00,192.168.1.85,2.14
2026-03-18T17:36:14.595813+00:00,192.168.1.85,2.21
2026-03-18T17:36:14.797066+00:00,192.168.1.85,1.71
2026-03-18T17:36:14.999094+00:00,192.168.1.85,2.23
2026-03-18T17:36:15.199913+00:00,192.168.1.85,2.24
2026-03-18T17:36:15.400296+00:00,192.168.1.85,2.08
2026-03-18T17:36:15.601335+00:00,192.168.1.85,1.96
2026-03-18T17:36:15.804088+00:00,192.168.1.85,2.32
2026-03-18T17:36:16.004671+00:00,192.168.1.85,2.27
2026-03-18T17:36:16.205201+00:00,192.168.1.85,2.0
2026-03-18T17:36:16.405767+00:00,192.168.1.85,1.9
2026-03-18T17:36:16.606129+00:00,192.168.1.85,1.75
2026-03-18T17:36:16.807620+00:00,192.168.1.85,2.04
2026-03-18T17:36:17.011596+00:00,192.168.1.85,2.22
2026-03-18T17:36:17.210761+00:00,192.168.1.85,0.973
2026-03-18T17:36:17.412421+00:00,192.168.1.85,1.38
2026-03-18T17:36:17.614416+00:00,192.168.1.85,2.27
2026-03-18T17:36:17.814177+00:00,192.168.1.85,1.42
2026-03-18T17:36:18.016419+00:00,192.168.1.85,2.4
2026-03-18T17:36:18.217189+00:00,192.168.1.85,2.29
2026-03-18T17:36:18.418481+00:00,192.168.1.85,1.54
2026-03-18T17:36:18.620750+00:00,192.168.1.85,2.37
2026-03-18T17:36:18.822587+00:00,192.168.1.85,2.4
2026-03-18T17:36:19.024082+00:00,192.168.1.85,2.23
2026-03-18T17:36:19.224842+00:00,192.168.1.85,2.13
2026-03-18T17:36:19.426085+00:00,192.168.1.85,2.21
2026-03-18T17:36:19.627230+00:00,192.168.1.85,2.48
2026-03-18T17:36:19.828659+00:00,192.168.1.85,2.15
2026-03-18T17:36:20.029715+00:00,192.168.1.85,2.4
2026-03-18T17:36:20.230741+00:00,192.168.1.85,2.23
2026-03-18T17:36:20.435903+00:00,192.168.1.85,2.37
2026-03-18T17:36:20.637874+00:00,192.168.1.85,2.48
2026-03-18T17:36:20.838273+00:00,192.168.1.85,1.95
2026-03-18T17:36:21.038832+00:00,192.168.1.85,2.31
2026-03-18T17:36:21.239614+00:00,192.168.1.85,2.04
2026-03-18T17:36:21.440807+00:00,192.168.1.85,1.71
2026-03-18T17:36:21.642231+00:00,192.168.1.85,1.86
2026-03-18T17:36:21.844088+00:00,192.168.1.85,2.21
2026-03-18T17:36:22.045264+00:00,192.168.1.85,2.43
2026-03-18T17:36:22.246901+00:00,192.168.1.85,2.37
2026-03-18T17:36:22.447762+00:00,192.168.1.85,2.35
2026-03-18T17:36:22.648531+00:00,192.168.1.85,1.93
2026-03-18T17:36:22.850063+00:00,192.168.1.85,2.7
2026-03-18T17:36:23.051879+00:00,192.168.1.85,2.36
2026-03-18T17:36:23.253133+00:00,192.168.1.85,2.21
2026-03-18T17:36:23.454033+00:00,192.168.1.85,2.13
2026-03-18T17:36:23.655602+00:00,192.168.1.85,2.43
2026-03-18T17:36:23.856911+00:00,192.168.1.85,2.31
2026-03-18T17:36:24.057780+00:00,192.168.1.85,2.24
2026-03-18T17:36:24.258668+00:00,192.168.1.85,2.31
2026-03-18T17:36:24.459715+00:00,192.168.1.85,2.41
2026-03-18T17:36:24.660690+00:00,192.168.1.85,2.21
2026-03-18T17:36:24.861423+00:00,192.168.1.85,2.14
2026-03-18T17:36:25.062039+00:00,192.168.1.85,1.93
2026-03-18T17:36:25.263438+00:00,192.168.1.85,2.28
2026-03-18T17:36:25.463838+00:00,192.168.1.85,1.88
2026-03-18T17:36:25.664254+00:00,192.168.1.85,1.97
2026-03-18T17:36:25.863737+00:00,192.168.1.85,1.29
2026-03-18T17:36:26.067486+00:00,192.168.1.85,2.0
2026-03-18T17:36:26.267726+00:00,192.168.1.85,1.79
2026-03-18T17:36:26.469378+00:00,192.168.1.85,2.11
2026-03-18T17:36:26.671016+00:00,192.168.1.85,1.95
2026-03-18T17:36:26.871527+00:00,192.168.1.85,1.9
2026-03-18T17:36:27.073265+00:00,192.168.1.85,2.23
2026-03-18T17:36:27.273124+00:00,192.168.1.85,0.995
2026-03-18T17:36:27.473980+00:00,192.168.1.85,1.17
2026-03-18T17:36:27.674330+00:00,192.168.1.85,1.07
2026-03-18T17:36:27.875259+00:00,192.168.1.85,1.32
2026-03-18T17:36:28.076768+00:00,192.168.1.85,1.44
2026-03-18T17:36:28.279438+00:00,192.168.1.85,1.99
2026-03-18T17:36:28.481081+00:00,192.168.1.85,2.21
2026-03-18T17:36:28.682578+00:00,192.168.1.85,1.69
2026-03-18T17:36:28.884555+00:00,192.168.1.85,2.17
2026-03-18T17:36:29.085394+00:00,192.168.1.85,2.19
2026-03-18T17:36:29.286817+00:00,192.168.1.85,2.02
2026-03-18T17:36:29.487878+00:00,192.168.1.85,2.23
2026-03-18T17:36:29.693241+00:00,192.168.1.85,1.97
2026-03-18T17:36:29.894132+00:00,192.168.1.85,2.08
2026-03-18T17:36:30.095804+00:00,192.168.1.85,2.41
2026-03-18T17:36:30.296626+00:00,192.168.1.85,2.26
2026-03-18T17:36:30.497072+00:00,192.168.1.85,1.96
2026-03-18T17:36:30.697043+00:00,192.168.1.85,1.25
2026-03-18T17:36:30.898348+00:00,192.168.1.85,1.9
2026-03-18T17:36:31.099654+00:00,192.168.1.85,2.04
2026-03-18T17:36:31.299668+00:00,192.168.1.85,1.27
2026-03-18T17:36:31.500581+00:00,192.168.1.85,1.29
2026-03-18T17:36:31.701250+00:00,192.168.1.85,1.14
2026-03-18T17:36:31.901395+00:00,192.168.1.85,1.04
2026-03-18T17:36:32.102034+00:00,192.168.1.85,1.12
2026-03-18T17:36:32.302590+00:00,192.168.1.85,1.14
2026-03-18T17:36:32.507763+00:00,192.168.1.85,1.53
2026-03-18T17:36:32.709506+00:00,192.168.1.85,1.7
2026-03-18T17:36:32.911671+00:00,192.168.1.85,2.34
2026-03-18T17:36:33.113008+00:00,192.168.1.85,2.37
2026-03-18T17:36:33.314335+00:00,192.168.1.85,2.17
2026-03-18T17:36:33.515583+00:00,192.168.1.85,2.14
2026-03-18T17:36:33.717066+00:00,192.168.1.85,2.24
2026-03-18T17:36:33.918272+00:00,192.168.1.85,2.21
2026-03-18T17:36:34.119729+00:00,192.168.1.85,2.33
2026-03-18T17:36:34.321837+00:00,192.168.1.85,2.42
2026-03-18T17:36:34.527389+00:00,192.168.1.85,2.14
2026-03-18T17:36:34.728280+00:00,192.168.1.85,2.42
2026-03-18T17:36:34.928892+00:00,192.168.1.85,2.26
2026-03-18T17:36:35.130255+00:00,192.168.1.85,2.06
2026-03-18T17:36:35.330886+00:00,192.168.1.85,2.14
2026-03-18T17:36:35.533029+00:00,192.168.1.85,2.27
2026-03-18T17:36:35.733814+00:00,192.168.1.85,1.96
2026-03-18T17:36:35.936107+00:00,192.168.1.85,1.84
2026-03-18T17:36:36.139521+00:00,192.168.1.85,2.28
2026-03-18T17:36:36.343819+00:00,192.168.1.85,2.18
2026-03-18T17:36:36.544394+00:00,192.168.1.85,1.17
2026-03-18T17:36:36.746499+00:00,192.168.1.85,1.27
2026-03-18T17:36:36.951548+00:00,192.168.1.85,1.15
2026-03-18T17:36:37.153899+00:00,192.168.1.85,1.97
2026-03-18T17:36:37.354656+00:00,192.168.1.85,2.11
2026-03-18T17:36:37.555718+00:00,192.168.1.85,1.6
2026-03-18T17:36:37.760056+00:00,192.168.1.85,2.41
2026-03-18T17:36:37.961398+00:00,192.168.1.85,2.31
2026-03-18T17:36:38.163179+00:00,192.168.1.85,1.51
2026-03-18T17:36:38.365353+00:00,192.168.1.85,2.41
2026-03-18T17:36:38.566796+00:00,192.168.1.85,2.43
2026-03-18T17:36:38.767823+00:00,192.168.1.85,1.86
2026-03-18T17:36:38.969623+00:00,192.168.1.85,2.27
2026-03-18T17:36:39.171653+00:00,192.168.1.85,2.32
2026-03-18T17:36:39.373172+00:00,192.168.1.85,1.87
2026-03-18T17:36:39.575800+00:00,192.168.1.85,1.77
2026-03-18T17:36:39.778711+00:00,192.168.1.85,2.22
2026-03-18T17:36:39.982511+00:00,192.168.1.85,1.96
2026-03-18T17:36:40.185830+00:00,192.168.1.85,2.19
2026-03-18T17:36:40.386032+00:00,192.168.1.85,1.72
2026-03-18T17:36:40.587569+00:00,192.168.1.85,1.28
2026-03-18T17:36:40.789543+00:00,192.168.1.85,1.62
2026-03-18T17:36:40.991106+00:00,192.168.1.85,1.8
2026-03-18T17:36:41.191769+00:00,192.168.1.85,1.3
2026-03-18T17:36:41.393380+00:00,192.168.1.85,1.93
2026-03-18T17:36:41.593748+00:00,192.168.1.85,1.9
2026-03-18T17:36:41.794346+00:00,192.168.1.85,1.95
2026-03-18T17:36:41.994606+00:00,192.168.1.85,1.76
2026-03-18T17:36:42.195680+00:00,192.168.1.85,1.52
2026-03-18T17:36:42.397776+00:00,192.168.1.85,1.27
2026-03-18T17:36:42.598195+00:00,192.168.1.85,0.937
2026-03-18T17:36:42.800684+00:00,192.168.1.85,1.18
2026-03-18T17:36:43.001297+00:00,192.168.1.85,1.17
2026-03-18T17:36:43.204539+00:00,192.168.1.85,2.4
2026-03-18T17:36:43.405109+00:00,192.168.1.85,2.05
2026-03-18T17:36:43.605323+00:00,192.168.1.85,1.81
2026-03-18T17:36:43.807377+00:00,192.168.1.85,2.09
2026-03-18T17:36:44.007493+00:00,192.168.1.85,1.76
2026-03-18T17:36:44.211142+00:00,192.168.1.85,1.51
2026-03-18T17:36:44.416700+00:00,192.168.1.85,1.23
2026-03-18T17:36:44.618098+00:00,192.168.1.85,1.58
2026-03-18T17:36:44.818836+00:00,192.168.1.85,0.989
2026-03-18T17:36:45.021293+00:00,192.168.1.85,2.1
2026-03-18T17:36:45.220921+00:00,192.168.1.85,0.991
2026-03-18T17:36:45.423124+00:00,192.168.1.85,2.17
2026-03-18T17:36:45.624764+00:00,192.168.1.85,2.09
2026-03-18T17:36:45.825219+00:00,192.168.1.85,2.02
2026-03-18T17:36:46.026071+00:00,192.168.1.85,2.07
2026-03-18T17:36:46.226814+00:00,192.168.1.85,1.81
2026-03-18T17:36:46.428460+00:00,192.168.1.85,2.32
2026-03-18T17:36:46.632275+00:00,192.168.1.85,1.51
2026-03-18T17:36:46.833246+00:00,192.168.1.85,1.42
2026-03-18T17:36:47.034077+00:00,192.168.1.85,1.06
2026-03-18T17:36:47.234494+00:00,192.168.1.85,1.09
2026-03-18T17:36:47.435013+00:00,192.168.1.85,1.09
2026-03-18T17:36:47.635870+00:00,192.168.1.85,1.48
2026-03-18T17:36:47.836647+00:00,192.168.1.85,1.2
2026-03-18T17:36:48.037575+00:00,192.168.1.85,1.13
2026-03-18T17:36:48.240216+00:00,192.168.1.85,2.21
2026-03-18T17:36:48.443059+00:00,192.168.1.85,2.17
2026-03-18T17:36:48.643735+00:00,192.168.1.85,1.59
2026-03-18T17:36:48.844850+00:00,192.168.1.85,1.72
2026-03-18T17:36:49.048836+00:00,192.168.1.85,2.61
2026-03-18T17:36:49.252078+00:00,192.168.1.85,2.14
2026-03-18T17:36:49.457586+00:00,192.168.1.85,2.18
2026-03-18T17:36:49.658529+00:00,192.168.1.85,2.34
2026-03-18T17:36:49.858983+00:00,192.168.1.85,1.67
2026-03-18T17:36:50.060587+00:00,192.168.1.85,2.08
2026-03-18T17:36:50.262241+00:00,192.168.1.85,2.34
2026-03-18T17:36:50.464235+00:00,192.168.1.85,2.29
2026-03-18T17:36:50.666253+00:00,192.168.1.85,1.91
2026-03-18T17:36:50.867448+00:00,192.168.1.85,1.48
2026-03-18T17:36:51.068954+00:00,192.168.1.85,1.24
2026-03-18T17:36:51.271049+00:00,192.168.1.85,1.82
2026-03-18T17:36:51.475007+00:00,192.168.1.85,1.97
2026-03-18T17:36:51.676704+00:00,192.168.1.85,2.13
2026-03-18T17:36:51.877882+00:00,192.168.1.85,1.28
2026-03-18T17:36:52.079655+00:00,192.168.1.85,1.96
2026-03-18T17:36:52.279994+00:00,192.168.1.85,1.59
2026-03-18T17:36:52.481553+00:00,192.168.1.85,1.93
2026-03-18T17:36:52.682681+00:00,192.168.1.85,2.42
2026-03-18T17:36:52.883310+00:00,192.168.1.85,1.9
2026-03-18T17:36:53.084370+00:00,192.168.1.85,2.28
2026-03-18T17:36:53.287118+00:00,192.168.1.85,0.872
2026-03-18T17:36:53.496497+00:00,192.168.1.85,1.09
2026-03-18T17:36:53.698094+00:00,192.168.1.85,1.83
2026-03-18T17:36:53.899455+00:00,192.168.1.85,1.57
2026-03-18T17:36:54.101597+00:00,192.168.1.85,1.88
2026-03-18T17:36:54.303146+00:00,192.168.1.85,2.12
2026-03-18T17:36:54.503419+00:00,192.168.1.85,1.77
2026-03-18T17:36:54.705377+00:00,192.168.1.85,1.78
2026-03-18T17:36:54.906753+00:00,192.168.1.85,1.83
2026-03-18T17:36:55.109111+00:00,192.168.1.85,2.38
2026-03-18T17:36:55.309574+00:00,192.168.1.85,1.59
2026-03-18T17:36:55.513369+00:00,192.168.1.85,3.43
2026-03-18T17:36:55.714170+00:00,192.168.1.85,2.38
2026-03-18T17:36:55.914672+00:00,192.168.1.85,1.77
2026-03-18T17:36:56.116873+00:00,192.168.1.85,2.24
2026-03-18T17:36:56.317848+00:00,192.168.1.85,2.33
2026-03-18T17:36:56.517867+00:00,192.168.1.85,1.46
2026-03-18T17:36:56.721025+00:00,192.168.1.85,2.19
2026-03-18T17:36:56.921515+00:00,192.168.1.85,1.7
2026-03-18T17:36:57.123431+00:00,192.168.1.85,1.83
2026-03-18T17:36:57.324211+00:00,192.168.1.85,0.993
2026-03-18T17:36:57.525486+00:00,192.168.1.85,1.15
2026-03-18T17:36:57.726384+00:00,192.168.1.85,1.17
2026-03-18T17:36:57.926883+00:00,192.168.1.85,1.67
2026-03-18T17:36:58.127445+00:00,192.168.1.85,1.38
2026-03-18T17:36:58.329357+00:00,192.168.1.85,1.77
2026-03-18T17:36:58.530167+00:00,192.168.1.85,1.53
2026-03-18T17:36:58.732216+00:00,192.168.1.85,1.88
2026-03-18T17:36:58.936024+00:00,192.168.1.85,2.2
2026-03-18T17:36:59.137105+00:00,192.168.1.85,2.23
2026-03-18T17:36:59.338367+00:00,192.168.1.85,1.83
2026-03-18T17:36:59.540860+00:00,192.168.1.85,1.97
2026-03-18T17:36:59.742004+00:00,192.168.1.85,2.24
2026-03-18T17:36:59.942605+00:00,192.168.1.85,1.68
2026-03-18T17:37:00.144141+00:00,192.168.1.85,1.79
2026-03-18T17:37:00.345549+00:00,192.168.1.85,2.07
2026-03-18T17:37:00.546421+00:00,192.168.1.85,2.28
2026-03-18T17:37:00.747362+00:00,192.168.1.85,2.36
2026-03-18T17:37:00.948881+00:00,192.168.1.85,2.1
2026-03-18T17:37:01.149696+00:00,192.168.1.85,2.39
2026-03-18T17:37:01.354269+00:00,192.168.1.85,2.28
2026-03-18T17:37:01.557067+00:00,192.168.1.85,2.12
2026-03-18T17:37:01.758696+00:00,192.168.1.85,2.28
2026-03-18T17:37:01.958384+00:00,192.168.1.85,1.32
2026-03-18T17:37:02.160297+00:00,192.168.1.85,1.63
2026-03-18T17:37:02.362582+00:00,192.168.1.85,1.04
2026-03-18T17:37:02.564127+00:00,192.168.1.85,1.08
2026-03-18T17:37:02.765064+00:00,192.168.1.85,1.38
2026-03-18T17:37:02.965432+00:00,192.168.1.85,1.08
2026-03-18T17:37:03.167004+00:00,192.168.1.85,1.45
2026-03-18T17:37:03.368128+00:00,192.168.1.85,1.79
2026-03-18T17:37:03.569311+00:00,192.168.1.85,1.88
2026-03-18T17:37:03.772311+00:00,192.168.1.85,2.28
2026-03-18T17:37:03.973718+00:00,192.168.1.85,2.21
2026-03-18T17:37:04.179642+00:00,192.168.1.85,2.44
2026-03-18T17:37:04.382876+00:00,192.168.1.85,2.21
2026-03-18T17:37:04.587212+00:00,192.168.1.85,2.31
2026-03-18T17:37:04.788440+00:00,192.168.1.85,2.24
2026-03-18T17:37:04.994130+00:00,192.168.1.85,2.1
2026-03-18T17:37:05.195081+00:00,192.168.1.85,2.26
2026-03-18T17:37:05.396278+00:00,192.168.1.85,2.35
2026-03-18T17:37:05.598021+00:00,192.168.1.85,2.41
2026-03-18T17:37:05.799429+00:00,192.168.1.85,2.41
2026-03-18T17:37:06.000701+00:00,192.168.1.85,2.06
2026-03-18T17:37:06.201558+00:00,192.168.1.85,2.35
2026-03-18T17:37:06.405310+00:00,192.168.1.85,2.44
2026-03-18T17:37:06.611095+00:00,192.168.1.85,2.32
2026-03-18T17:37:06.813065+00:00,192.168.1.85,2.38
2026-03-18T17:37:07.014497+00:00,192.168.1.85,2.24
2026-03-18T17:37:07.215249+00:00,192.168.1.85,1.42
2026-03-18T17:37:07.417053+00:00,192.168.1.85,1.45
2026-03-18T17:37:07.620388+00:00,192.168.1.85,1.59
2026-03-18T17:37:07.822088+00:00,192.168.1.85,2.2
2026-03-18T17:37:08.022241+00:00,192.168.1.85,1.78
2026-03-18T17:37:08.223448+00:00,192.168.1.85,1.95
2026-03-18T17:37:08.423775+00:00,192.168.1.85,1.86
2026-03-18T17:37:08.625207+00:00,192.168.1.85,1.83
2026-03-18T17:37:08.826211+00:00,192.168.1.85,1.77
2026-03-18T17:37:09.028552+00:00,192.168.1.85,2.25
2026-03-18T17:37:09.230417+00:00,192.168.1.85,2.21
2026-03-18T17:37:09.431395+00:00,192.168.1.85,2.3
2026-03-18T17:37:09.632127+00:00,192.168.1.85,1.85
2026-03-18T17:37:09.833272+00:00,192.168.1.85,1.45
2026-03-18T17:37:10.037367+00:00,192.168.1.85,2.22
2026-03-18T17:37:10.238517+00:00,192.168.1.85,2.02
2026-03-18T17:37:10.439266+00:00,192.168.1.85,1.89
2026-03-18T17:37:10.640744+00:00,192.168.1.85,2.33
2026-03-18T17:37:10.841556+00:00,192.168.1.85,2.3
2026-03-18T17:37:11.042554+00:00,192.168.1.85,2.38
2026-03-18T17:37:11.243289+00:00,192.168.1.85,2.32
2026-03-18T17:37:11.444423+00:00,192.168.1.85,2.45
2026-03-18T17:37:11.650296+00:00,192.168.1.85,2.36
2026-03-18T17:37:11.852095+00:00,192.168.1.85,2.25
2026-03-18T17:37:12.052216+00:00,192.168.1.85,1.92
2026-03-18T17:37:12.251331+00:00,192.168.1.85,0.914
2026-03-18T17:37:12.456265+00:00,192.168.1.85,1.18
2026-03-18T17:37:12.656972+00:00,192.168.1.85,0.903
2026-03-18T17:37:12.864224+00:00,192.168.1.85,1.13
2026-03-18T17:37:13.064741+00:00,192.168.1.85,1.18
2026-03-18T17:37:13.271479+00:00,192.168.1.85,2.14
2026-03-18T17:37:13.474234+00:00,192.168.1.85,2.26
2026-03-18T17:37:13.674004+00:00,192.168.1.85,1.55
2026-03-18T17:37:13.876005+00:00,192.168.1.85,1.94
2026-03-18T17:37:14.080656+00:00,192.168.1.85,1.87
2026-03-18T17:37:14.281040+00:00,192.168.1.85,1.86
2026-03-18T17:37:14.482568+00:00,192.168.1.85,2.05
2026-03-18T17:37:14.683318+00:00,192.168.1.85,1.92
2026-03-18T17:37:14.885827+00:00,192.168.1.85,2.57
2026-03-18T17:37:15.090225+00:00,192.168.1.85,2.35
2026-03-18T17:37:15.291321+00:00,192.168.1.85,2.3
2026-03-18T17:37:15.492761+00:00,192.168.1.85,2.33
2026-03-18T17:37:15.694258+00:00,192.168.1.85,2.2
2026-03-18T17:37:15.894154+00:00,192.168.1.85,1.62
2026-03-18T17:37:16.096091+00:00,192.168.1.85,2.25
2026-03-18T17:37:16.299605+00:00,192.168.1.85,1.32
2026-03-18T17:37:16.501070+00:00,192.168.1.85,1.78
2026-03-18T17:37:16.703252+00:00,192.168.1.85,2.12
2026-03-18T17:37:16.905218+00:00,192.168.1.85,1.39
2026-03-18T17:37:17.108007+00:00,192.168.1.85,2.15
2026-03-18T17:37:17.308433+00:00,192.168.1.85,0.98
2026-03-18T17:37:17.511540+00:00,192.168.1.85,1.68
2026-03-18T17:37:17.714658+00:00,192.168.1.85,1.65
2026-03-18T17:37:17.918572+00:00,192.168.1.85,1.77
2026-03-18T17:37:18.121215+00:00,192.168.1.85,2.29
2026-03-18T17:37:18.322374+00:00,192.168.1.85,2.34
2026-03-18T17:37:18.523008+00:00,192.168.1.85,1.81
2026-03-18T17:37:18.724366+00:00,192.168.1.85,1.87
2026-03-18T17:37:18.924618+00:00,192.168.1.85,1.85
2026-03-18T17:37:19.125879+00:00,192.168.1.85,1.71
2026-03-18T17:37:19.327224+00:00,192.168.1.85,1.77
2026-03-18T17:37:19.528723+00:00,192.168.1.85,2.04
2026-03-18T17:37:19.729549+00:00,192.168.1.85,2.2
2026-03-18T17:37:19.930750+00:00,192.168.1.85,2.02
2026-03-18T17:37:20.131673+00:00,192.168.1.85,2.32
2026-03-18T17:37:20.332269+00:00,192.168.1.85,1.94
2026-03-18T17:37:20.533086+00:00,192.168.1.85,2.24
2026-03-18T17:37:20.735538+00:00,192.168.1.85,2.31
2026-03-18T17:37:20.936814+00:00,192.168.1.85,2.39
2026-03-18T17:37:21.137803+00:00,192.168.1.85,2.33
2026-03-18T17:37:21.338808+00:00,192.168.1.85,2.38
2026-03-18T17:37:21.539875+00:00,192.168.1.85,1.99
2026-03-18T17:37:21.740522+00:00,192.168.1.85,1.94
2026-03-18T17:37:21.941750+00:00,192.168.1.85,1.87
2026-03-18T17:37:22.142857+00:00,192.168.1.85,1.64
2026-03-18T17:37:22.345095+00:00,192.168.1.85,2.17
2026-03-18T17:37:22.545393+00:00,192.168.1.85,1.25
2026-03-18T17:37:22.748815+00:00,192.168.1.85,2.11
2026-03-18T17:37:22.949523+00:00,192.168.1.85,1.21
2026-03-18T17:37:23.151519+00:00,192.168.1.85,1.99
2026-03-18T17:37:23.355727+00:00,192.168.1.85,2.12
2026-03-18T17:37:23.558353+00:00,192.168.1.85,2.29
2026-03-18T17:37:23.758883+00:00,192.168.1.85,1.91
2026-03-18T17:37:23.959374+00:00,192.168.1.85,1.7
2026-03-18T17:37:24.160991+00:00,192.168.1.85,1.87
2026-03-18T17:37:24.363155+00:00,192.168.1.85,1.5
2026-03-18T17:37:24.565011+00:00,192.168.1.85,1.87
2026-03-18T17:37:24.767656+00:00,192.168.1.85,2.02
2026-03-18T17:37:24.968971+00:00,192.168.1.85,1.54
2026-03-18T17:37:25.171010+00:00,192.168.1.85,2.33
2026-03-18T17:37:25.372752+00:00,192.168.1.85,2.45
2026-03-18T17:37:25.574367+00:00,192.168.1.85,2.4
2026-03-18T17:37:25.775324+00:00,192.168.1.85,2.33
2026-03-18T17:37:25.976413+00:00,192.168.1.85,2.45
2026-03-18T17:37:26.176044+00:00,192.168.1.85,1.25
2026-03-18T17:37:26.377533+00:00,192.168.1.85,1.27
2026-03-18T17:37:26.578943+00:00,192.168.1.85,1.22
2026-03-18T17:37:26.779942+00:00,192.168.1.85,1.11
2026-03-18T17:37:26.980662+00:00,192.168.1.85,1.39
2026-03-18T17:37:27.183064+00:00,192.168.1.85,2.18
2026-03-18T17:37:27.382862+00:00,192.168.1.85,1.24
2026-03-18T17:37:27.586182+00:00,192.168.1.85,2.57
2026-03-18T17:37:27.785439+00:00,192.168.1.85,1.29
2026-03-18T17:37:27.986979+00:00,192.168.1.85,1.86
2026-03-18T17:37:28.186845+00:00,192.168.1.85,1.4
2026-03-18T17:37:28.393092+00:00,192.168.1.85,2.23
2026-03-18T17:37:28.593376+00:00,192.168.1.85,1.37
2026-03-18T17:37:28.794580+00:00,192.168.1.85,1.55
2026-03-18T17:37:28.996303+00:00,192.168.1.85,1.79
2026-03-18T17:37:29.198255+00:00,192.168.1.85,1.71
2026-03-18T17:37:29.399732+00:00,192.168.1.85,1.64
2026-03-18T17:37:29.600844+00:00,192.168.1.85,1.47
2026-03-18T17:37:29.802429+00:00,192.168.1.85,1.82
2026-03-18T17:37:30.005774+00:00,192.168.1.85,2.39
2026-03-18T17:37:30.208718+00:00,192.168.1.85,2.32
2026-03-18T17:37:30.411545+00:00,192.168.1.85,2.11
2026-03-18T17:37:30.611341+00:00,192.168.1.85,1.21
2026-03-18T17:37:30.814093+00:00,192.168.1.85,2.25
2026-03-18T17:37:31.015132+00:00,192.168.1.85,2.16
2026-03-18T17:37:31.215815+00:00,192.168.1.85,2.25
2026-03-18T17:37:31.416506+00:00,192.168.1.85,1.61
2026-03-18T17:37:31.619505+00:00,192.168.1.85,2.4
2026-03-18T17:37:31.821115+00:00,192.168.1.85,2.38
2026-03-18T17:37:32.022021+00:00,192.168.1.85,2.18
2026-03-18T17:37:32.223522+00:00,192.168.1.85,2.3
2026-03-18T17:37:32.423771+00:00,192.168.1.85,1.32
2026-03-18T17:37:32.626271+00:00,192.168.1.85,2.18
2026-03-18T17:37:32.828577+00:00,192.168.1.85,2.3
2026-03-18T17:37:33.032728+00:00,192.168.1.85,2.35
2026-03-18T17:37:33.234059+00:00,192.168.1.85,1.37
2026-03-18T17:37:33.435365+00:00,192.168.1.85,1.52
2026-03-18T17:37:33.636057+00:00,192.168.1.85,1.11
2026-03-18T17:37:33.837593+00:00,192.168.1.85,1.39
2026-03-18T17:37:34.038849+00:00,192.168.1.85,1.39
2026-03-18T17:37:34.240801+00:00,192.168.1.85,1.93
2026-03-18T17:37:34.440999+00:00,192.168.1.85,1.95
2026-03-18T17:37:34.641790+00:00,192.168.1.85,1.91
2026-03-18T17:37:34.842156+00:00,192.168.1.85,1.78
2026-03-18T17:37:35.043310+00:00,192.168.1.85,1.77
2026-03-18T17:37:35.245218+00:00,192.168.1.85,2.3
2026-03-18T17:37:35.446551+00:00,192.168.1.85,2.18
2026-03-18T17:37:35.648268+00:00,192.168.1.85,1.97
2026-03-18T17:37:35.849474+00:00,192.168.1.85,2.37
2026-03-18T17:37:36.050418+00:00,192.168.1.85,2.17
2026-03-18T17:37:36.251414+00:00,192.168.1.85,2.16
2026-03-18T17:37:36.452349+00:00,192.168.1.85,1.87
2026-03-18T17:37:36.653678+00:00,192.168.1.85,1.48
2026-03-18T17:37:36.856189+00:00,192.168.1.85,2.32
2026-03-18T17:37:37.057212+00:00,192.168.1.85,1.87
2026-03-18T17:37:37.258512+00:00,192.168.1.85,2.35
2026-03-18T17:37:37.460170+00:00,192.168.1.85,2.33
2026-03-18T17:37:37.661099+00:00,192.168.1.85,2.34
2026-03-18T17:37:37.867090+00:00,192.168.1.85,2.37
2026-03-18T17:37:38.070447+00:00,192.168.1.85,2.35
2026-03-18T17:37:38.270302+00:00,192.168.1.85,1.5
2026-03-18T17:37:38.471441+00:00,192.168.1.85,1.45
2026-03-18T17:37:38.672469+00:00,192.168.1.85,1.58
2026-03-18T17:37:38.873982+00:00,192.168.1.85,2.12
2026-03-18T17:37:39.074433+00:00,192.168.1.85,1.92
2026-03-18T17:37:39.274714+00:00,192.168.1.85,1.55
2026-03-18T17:37:39.476100+00:00,192.168.1.85,1.84
2026-03-18T17:37:39.677353+00:00,192.168.1.85,1.69
2026-03-18T17:37:39.879149+00:00,192.168.1.85,2.21
2026-03-18T17:37:40.084252+00:00,192.168.1.85,2.34
2026-03-18T17:37:40.287532+00:00,192.168.1.85,2.3
2026-03-18T17:37:40.489521+00:00,192.168.1.85,2.29
2026-03-18T17:37:40.691094+00:00,192.168.1.85,2.06
2026-03-18T17:37:40.895369+00:00,192.168.1.85,1.92
2026-03-18T17:37:41.096601+00:00,192.168.1.85,2.26
2026-03-18T17:37:41.301534+00:00,192.168.1.85,1.87
2026-03-18T17:37:41.502528+00:00,192.168.1.85,2.34
2026-03-18T17:37:41.703769+00:00,192.168.1.85,2.33
2026-03-18T17:37:41.907134+00:00,192.168.1.85,2.28
2026-03-18T17:37:42.107315+00:00,192.168.1.85,1.76
2026-03-18T17:37:42.307383+00:00,192.168.1.85,0.913
2026-03-18T17:37:42.513089+00:00,192.168.1.85,1.5
2026-03-18T17:37:42.713886+00:00,192.168.1.85,0.856
2026-03-18T17:37:42.920726+00:00,192.168.1.85,1.4
2026-03-18T17:37:43.121740+00:00,192.168.1.85,1.32
2026-03-18T17:37:43.327521+00:00,192.168.1.85,1.33
2026-03-18T17:37:43.531466+00:00,192.168.1.85,2.12
2026-03-18T17:37:43.732773+00:00,192.168.1.85,2.7
2026-03-18T17:37:43.934024+00:00,192.168.1.85,2.29
2026-03-18T17:37:44.135311+00:00,192.168.1.85,2.26
2026-03-18T17:37:44.336663+00:00,192.168.1.85,2.07
2026-03-18T17:37:44.537160+00:00,192.168.1.85,1.73
2026-03-18T17:37:44.738212+00:00,192.168.1.85,1.6
2026-03-18T17:37:44.939510+00:00,192.168.1.85,1.77
2026-03-18T17:37:45.140766+00:00,192.168.1.85,1.79
2026-03-18T17:37:45.342607+00:00,192.168.1.85,2.27
2026-03-18T17:37:45.547017+00:00,192.168.1.85,2.36
2026-03-18T17:37:45.748194+00:00,192.168.1.85,2.16
2026-03-18T17:37:45.949517+00:00,192.168.1.85,2.37
2026-03-18T17:37:46.150487+00:00,192.168.1.85,2.25
2026-03-18T17:37:46.351543+00:00,192.168.1.85,2.09
2026-03-18T17:37:46.552868+00:00,192.168.1.85,1.88
2026-03-18T17:37:46.754059+00:00,192.168.1.85,2.22
2026-03-18T17:37:46.955163+00:00,192.168.1.85,2.17
2026-03-18T17:37:47.155896+00:00,192.168.1.85,2.09
2026-03-18T17:37:47.355992+00:00,192.168.1.85,1.08
2026-03-18T17:37:47.562052+00:00,192.168.1.85,1.54
2026-03-18T17:37:47.765272+00:00,192.168.1.85,1.86
2026-03-18T17:37:47.968063+00:00,192.168.1.85,2.2
2026-03-18T17:37:48.170085+00:00,192.168.1.85,2.38
2026-03-18T17:37:48.371104+00:00,192.168.1.85,2.12
2026-03-18T17:37:48.572296+00:00,192.168.1.85,2.36
2026-03-18T17:37:48.774190+00:00,192.168.1.85,2.35
2026-03-18T17:37:48.975051+00:00,192.168.1.85,2.24
2026-03-18T17:37:49.176432+00:00,192.168.1.85,2.38
2026-03-18T17:37:49.376847+00:00,192.168.1.85,2.0
2026-03-18T17:37:49.577256+00:00,192.168.1.85,1.83
2026-03-18T17:37:49.778205+00:00,192.168.1.85,1.75
2026-03-18T17:37:49.980312+00:00,192.168.1.85,1.9
2026-03-18T17:37:50.180770+00:00,192.168.1.85,1.73
2026-03-18T17:37:50.382115+00:00,192.168.1.85,1.79
2026-03-18T17:37:50.586128+00:00,192.168.1.85,2.28
2026-03-18T17:37:50.788182+00:00,192.168.1.85,2.22
2026-03-18T17:37:50.988915+00:00,192.168.1.85,1.58
2026-03-18T17:37:51.194358+00:00,192.168.1.85,1.15
2026-03-18T17:37:51.401117+00:00,192.168.1.85,2.14
2026-03-18T17:37:51.602677+00:00,192.168.1.85,2.69
2026-03-18T17:37:51.803702+00:00,192.168.1.85,2.26
2026-03-18T17:37:52.007594+00:00,192.168.1.85,1.4
2026-03-18T17:37:52.213686+00:00,192.168.1.85,1.66
2026-03-18T17:37:52.414393+00:00,192.168.1.85,1.32
2026-03-18T17:37:52.617028+00:00,192.168.1.85,2.41
2026-03-18T17:37:52.818595+00:00,192.168.1.85,2.32
2026-03-18T17:37:53.019921+00:00,192.168.1.85,2.41
2026-03-18T17:37:53.220174+00:00,192.168.1.85,1.28
2026-03-18T17:37:53.422105+00:00,192.168.1.85,2.33
2026-03-18T17:37:53.625031+00:00,192.168.1.85,2.33
2026-03-18T17:37:53.826433+00:00,192.168.1.85,1.99
2026-03-18T17:37:54.027841+00:00,192.168.1.85,2.32
2026-03-18T17:37:54.228695+00:00,192.168.1.85,2.24
2026-03-18T17:37:54.429027+00:00,192.168.1.85,1.76
2026-03-18T17:37:54.630778+00:00,192.168.1.85,1.74
2026-03-18T17:37:54.832170+00:00,192.168.1.85,1.75
2026-03-18T17:37:55.033171+00:00,192.168.1.85,1.75
2026-03-18T17:37:55.234464+00:00,192.168.1.85,1.89
2026-03-18T17:37:55.435286+00:00,192.168.1.85,1.36
2026-03-18T17:37:55.637748+00:00,192.168.1.85,2.41
2026-03-18T17:37:55.839264+00:00,192.168.1.85,2.27
2026-03-18T17:37:56.040223+00:00,192.168.1.85,2.32
2026-03-18T17:37:56.241611+00:00,192.168.1.85,2.33
2026-03-18T17:37:56.447637+00:00,192.168.1.85,2.45
2026-03-18T17:37:56.653439+00:00,192.168.1.85,2.29
2026-03-18T17:37:56.855137+00:00,192.168.1.85,2.41
2026-03-18T17:37:57.055698+00:00,192.168.1.85,1.94
2026-03-18T17:37:57.259781+00:00,192.168.1.85,1.62
2026-03-18T17:37:57.461044+00:00,192.168.1.85,1.21
2026-03-18T17:37:57.661520+00:00,192.168.1.85,0.897
2026-03-18T17:37:57.864009+00:00,192.168.1.85,0.96
2026-03-18T17:37:58.064245+00:00,192.168.1.85,0.973
2026-03-18T17:37:58.270405+00:00,192.168.1.85,1.58
2026-03-18T17:37:58.477093+00:00,192.168.1.85,2.22
2026-03-18T17:37:58.678751+00:00,192.168.1.85,2.31
2026-03-18T17:37:58.879858+00:00,192.168.1.85,1.92
2026-03-18T17:37:59.084231+00:00,192.168.1.85,2.44
2026-03-18T17:37:59.286057+00:00,192.168.1.85,2.33
2026-03-18T17:37:59.487080+00:00,192.168.1.85,2.34
2026-03-18T17:37:59.689080+00:00,192.168.1.85,2.37
2026-03-18T17:37:59.890143+00:00,192.168.1.85,2.45
2026-03-18T17:38:00.094347+00:00,192.168.1.85,1.0
2026-03-18T17:38:00.295367+00:00,192.168.1.85,1.33
2026-03-18T17:38:00.495985+00:00,192.168.1.85,1.32
2026-03-18T17:38:00.696626+00:00,192.168.1.85,1.2
2026-03-18T17:38:00.898129+00:00,192.168.1.85,1.31
2026-03-18T17:38:01.099887+00:00,192.168.1.85,1.59
2026-03-18T17:38:01.300304+00:00,192.168.1.85,1.22
2026-03-18T17:38:01.501034+00:00,192.168.1.85,1.29
2026-03-18T17:38:01.701344+00:00,192.168.1.85,1.09
2026-03-18T17:38:01.902321+00:00,192.168.1.85,1.58
2026-03-18T17:38:02.103223+00:00,192.168.1.85,1.43
2026-03-18T17:38:02.303671+00:00,192.168.1.85,1.12
2026-03-18T17:38:02.504855+00:00,192.168.1.85,1.26
2026-03-18T17:38:02.707005+00:00,192.168.1.85,2.08
2026-03-18T17:38:02.910822+00:00,192.168.1.85,2.06
2026-03-18T17:38:03.112251+00:00,192.168.1.85,1.77
2026-03-18T17:38:03.313705+00:00,192.168.1.85,1.89
2026-03-18T17:38:03.514874+00:00,192.168.1.85,2.36
2026-03-18T17:38:03.716127+00:00,192.168.1.85,2.28
2026-03-18T17:38:03.917991+00:00,192.168.1.85,2.36
2026-03-18T17:38:04.120869+00:00,192.168.1.85,2.41
2026-03-18T17:38:04.321151+00:00,192.168.1.85,1.4
2026-03-18T17:38:04.522166+00:00,192.168.1.85,1.5
2026-03-18T17:38:04.724057+00:00,192.168.1.85,1.58
2026-03-18T17:38:04.924353+00:00,192.168.1.85,1.17
2026-03-18T17:38:05.127154+00:00,192.168.1.85,2.46
2026-03-18T17:38:05.329784+00:00,192.168.1.85,1.26
2026-03-18T17:38:05.530553+00:00,192.168.1.85,0.998
2026-03-18T17:38:05.731499+00:00,192.168.1.85,1.38
2026-03-18T17:38:05.932147+00:00,192.168.1.85,1.29
2026-03-18T17:38:06.133463+00:00,192.168.1.85,1.21
2026-03-18T17:38:06.333988+00:00,192.168.1.85,1.08
2026-03-18T17:38:06.534245+00:00,192.168.1.85,0.992
2026-03-18T17:38:06.736791+00:00,192.168.1.85,2.12
2026-03-18T17:38:06.938414+00:00,192.168.1.85,2.47
2026-03-18T17:38:07.138973+00:00,192.168.1.85,1.4
2026-03-18T17:38:07.341049+00:00,192.168.1.85,1.42
2026-03-18T17:38:07.542843+00:00,192.168.1.85,1.3
2026-03-18T17:38:07.743413+00:00,192.168.1.85,1.2
2026-03-18T17:38:07.943693+00:00,192.168.1.85,1.02
2026-03-18T17:38:08.144166+00:00,192.168.1.85,0.962
2026-03-18T17:38:08.353190+00:00,192.168.1.85,0.976
2026-03-18T17:38:08.553563+00:00,192.168.1.85,1.11
2026-03-18T17:38:08.754234+00:00,192.168.1.85,0.987
2026-03-18T17:38:08.955416+00:00,192.168.1.85,1.18
2026-03-18T17:38:09.156218+00:00,192.168.1.85,1.49
2026-03-18T17:38:09.356444+00:00,192.168.1.85,0.964
2026-03-18T17:38:09.561323+00:00,192.168.1.85,1.06
2026-03-18T17:38:09.761657+00:00,192.168.1.85,0.988
2026-03-18T17:38:09.962699+00:00,192.168.1.85,1.13
2026-03-18T17:38:10.163332+00:00,192.168.1.85,1.23
2026-03-18T17:38:10.363826+00:00,192.168.1.85,1.17
2026-03-18T17:38:10.564455+00:00,192.168.1.85,1.08
2026-03-18T17:38:10.765816+00:00,192.168.1.85,1.91
